step,split,mean_reward,reward_std,best_group_reward,worst_group_reward,mean_ce_component,mean_compute_penalty,mean_kl,mean_advantage,advantage_std,policy_loss,total_policy_loss,routing_entropy,clip_fraction,mean_probability_ratio,learning_rate,gradient_norm,router_gradient_norm,transformer_gradient_norm,tokens_processed,seconds_per_step,tokens_per_second,val_loss,val_perplexity,val_accuracy,mean_soft_gate,mean_hard_gate,layers_per_token,compute_fraction,skip_fraction,validation_time_sec
0,grpo_train,-1.415088415145874,0.13147428631782532,-1.4115158319473267,-1.4188213348388672,1.3155767917633057,0.09951171278953552,7.189887440972598e-08,-6.411457434296608e-06,0.999567985534668,3.6581186577677727e-06,3.658837613329524e-06,0.024131249636411667,0.0,0.9999993443489075,9.999977793408364e-05,0.0035659936256706715,0.0035659936256706715,0.0,4096,0.9440170838497579,4338.9045283971645,,,,,,,,,
10,grpo_train,-1.437567949295044,0.15182633697986603,-1.434272289276123,-1.4409199953079224,1.338041067123413,0.09952697902917862,4.458280272956472e-06,-6.98259100317955e-06,0.9995041489601135,6.590737029910088e-06,6.635320005443646e-06,0.02365982159972191,0.0,0.9999997615814209,9.997313267597379e-05,0.0019141450757160783,0.0019141450757160783,0.0,45056,0.5711212921887636,7171.856584618831,,,,,,,,,
20,grpo_train,-1.4768918752670288,0.28372907638549805,-1.4718811511993408,-1.482041358947754,1.377349615097046,0.09954223781824112,1.3257800674182363e-05,-5.5050477385520935e-06,0.999681293964386,4.637520760297775e-06,4.770098712469917e-06,0.02284214459359646,0.0,0.9999997615814209,9.990210436558489e-05,0.002840269124135375,0.002840269124135375,0.0,86016,0.6295607918873429,6506.123082602896,,,,,,,,,
30,grpo_train,-1.3012877702713013,0.15124768018722534,-1.2965773344039917,-1.3066704273223877,1.201766848564148,0.09952087700366974,2.5152943635475822e-05,1.0291114449501038e-07,0.9995938539505005,5.3318217396736145e-08,3.048476457934157e-07,0.02235392853617668,0.0,0.9999999403953552,9.978676309928387e-05,0.00203068763948977,0.00203068763948977,0.0,126976,0.5969382091425359,6861.681723948691,,,,,,,,,
40,grpo_train,-1.4004243612289429,0.2799433171749115,-1.3952820301055908,-1.4067401885986328,1.30088210105896,0.09954224526882172,3.5043180105276406e-05,-6.552785634994507e-06,0.9996357560157776,4.974193871021271e-06,5.324625817593187e-06,0.022147642448544502,0.0,0.9999992251396179,9.962722270497532e-05,0.005215237382799387,0.005215237382799387,0.0,167936,0.6047649998217821,6772.878723482755,,,,,,,,,
50,grpo_train,-1.357047438621521,0.08373890817165375,-1.3536574840545654,-1.3602118492126465,1.2575294971466064,0.0995178297162056,2.9112336051184684e-05,-6.226822733879089e-06,0.9994452595710754,6.656628102064133e-06,6.9477514443860855e-06,0.02241593413054943,0.0,1.0000004768371582,9.942364062976685e-05,0.004920182749629021,0.004920182749629021,0.0,208896,0.5858809999190271,6991.180803893788,,,,,,,,,
60,grpo_train,-1.3414489030838013,0.1952122449874878,-1.3378753662109375,-1.345348834991455,1.2419188022613525,0.09953003376722336,2.8646978535107337e-05,6.661750376224518e-06,0.9995940923690796,-6.756745278835297e-06,-6.470275366154965e-06,0.022461984306573868,0.0,1.0,9.917621778458792e-05,0.001379371271468699,0.001379371271468699,0.0,249856,0.6025858339853585,6797.371874658978,,,,,,,,,
70,grpo_train,-1.416144847869873,0.16935856640338898,-1.4125652313232422,-1.4194972515106201,1.3166544437408447,0.09949035197496414,2.5468412786722183e-05,-3.5837292671203613e-06,0.9996143579483032,3.191642463207245e-06,3.44632667292899e-06,0.02265259623527527,0.0,0.999999463558197,9.888519834591501e-05,0.0021271524019539356,0.0021271524019539356,0.0,290816,0.5988060422241688,6840.278339186536,,,,,,,,,
80,grpo_train,-1.373690128326416,0.1390639692544937,-1.370026707649231,-1.377197504043579,1.2741234302520752,0.09956665337085724,3.4192740713479e-05,-8.907169103622437e-06,0.9995898604393005,8.742325007915497e-06,9.084252269531135e-06,0.02284950017929077,0.0,0.999998927116394,9.85508695147989e-05,0.0013326992047950625,0.0013326992047950625,0.0,331776,0.5824521249160171,7032.337637347613,,,,,,,,,
90,grpo_train,-1.3841488361358643,0.1635703146457672,-1.3804244995117188,-1.3876127004623413,1.2845637798309326,0.09958495944738388,3.943393676308915e-05,-3.1068921089172363e-06,0.9994364380836487,3.227032721042633e-06,3.6213721159583656e-06,0.02283768728375435,0.0,1.000000238418579,9.817356123343189e-05,0.002652912400662899,0.002652912400662899,0.0,372736,0.5834722500294447,7020.042512378775,,,,,,,,,
99,validation,,,,,,,,,,,,0.022642916068434715,,,,,,,,,,1.5183556795120239,4.564713169359675,0.547314453125,0.9953839093446731,1.0,8.0,1.0,0.0,0.5725775002501905
100,grpo_train,-1.4156014919281006,0.20437371730804443,-1.4106543064117432,-1.4248501062393188,1.316077470779419,0.09952393174171448,4.710657231044024e-05,1.1935830116271973e-05,0.999649703502655,-1.2292526662349701e-05,-1.1821461157524027e-05,0.022626005113124847,0.0,0.9999998807907104,9.775364585953467e-05,0.00332173565402627,0.00332173565402627,0.0,413696,0.38182400027289987,10727.455573962032,,,,,,,,,
110,grpo_train,-1.4004855155944824,0.13955684006214142,-1.3969316482543945,-1.403637409210205,1.3009157180786133,0.09956970810890198,5.5939530284376815e-05,-9.628012776374817e-06,0.9995229244232178,9.634997695684433e-06,1.0194393325946294e-05,0.022234134376049042,0.0,1.000000238418579,9.729153779888434e-05,0.0013880892656743526,0.0013880892656743526,0.0,454656,0.7014212077483535,5839.572506153119,,,,,,,,,
120,grpo_train,-1.3475303649902344,0.2690466046333313,-1.3451423645019531,-1.3497483730316162,1.2478842735290527,0.09964599460363388,5.7363205996807665e-05,-3.075879067182541e-05,0.9983100295066833,3.052584361284971e-05,3.1099476473173127e-05,0.022229205816984177,0.0,1.0000003576278687,9.678769309634573e-05,0.001839137403294444,0.001839137403294444,0.0,495616,0.6455428749322891,6345.047182853081,,,,,,,,,
130,grpo_train,-1.4646281003952026,0.23609620332717896,-1.4597960710525513,-1.4686458110809326,1.365058422088623,0.09956969320774078,4.981631354894489e-05,6.357207894325256e-06,0.9994606971740723,-6.931833922863007e-06,-6.43367093289271e-06,0.02259174920618534,0.0,0.999999463558197,9.624260898581037e-05,0.001682666246779263,0.001682666246779263,0.0,536576,0.6232196246273816,6572.321920140061,,,,,,,,,
140,grpo_train,-1.3622546195983887,0.06308592110872269,-1.3583920001983643,-1.3661527633666992,1.2627978324890137,0.099456787109375,3.747506343643181e-05,9.394250810146332e-06,0.9995286464691162,-9.277835488319397e-06,-8.903084562916774e-06,0.023401053622364998,0.0,1.0000004768371582,9.565682339948654e-05,0.0018063470488414168,0.0018063470488414168,0.0,577536,0.5765703748911619,7104.0764117878825,,,,,,,,,
150,grpo_train,-1.3986116647720337,0.1576550304889679,-1.3939943313598633,-1.4028537273406982,1.2990633249282837,0.09954833984375,3.7783291190862656e-05,-2.2659078240394592e-06,0.9994738101959229,2.062879502773285e-06,2.4407124783465406e-06,0.023005258291959763,0.0,1.000000238418579,9.503091443702521e-05,0.0012154631549492478,0.0012154631549492478,0.0,618496,0.5676523330621421,7215.684251493426,,,,,,,,,
160,grpo_train,-1.39234459400177,0.10107699036598206,-1.3889331817626953,-1.3957016468048096,1.2928175926208496,0.09952697157859802,4.2601881432347e-05,9.494367986917496e-06,0.9995713233947754,-9.57585871219635e-06,-9.149839570454787e-06,0.022690270096063614,0.0,0.9999996423721313,9.43654997950054e-05,0.0011085488367825747,0.0011085488367825747,0.0,659456,0.569446416106075,7192.95070466649,,,,,,,,,
170,grpo_train,-1.425917148590088,0.2557711899280548,-1.4222252368927002,-1.4301732778549194,1.3263475894927979,0.09956970065832138,5.292430432746187e-05,4.515983164310455e-06,0.9996176958084106,-5.00725582242012e-06,-4.478012670006137e-06,0.02296696975827217,0.0,0.9999994039535522,9.36612361573423e-05,0.001840186188928783,0.001840186188928783,0.0,700416,0.5850568753667176,7001.028741748569,,,,,,,,,
180,grpo_train,-1.3846231698989868,0.19919122755527496,-1.3806778192520142,-1.3885478973388672,1.2851084470748901,0.09951476752758026,6.003484668326564e-05,1.0445713996887207e-05,0.9995895624160767,-1.043267548084259e-05,-9.832327123149298e-06,0.023352904245257378,0.0,1.000000238418579,9.29188185472195e-05,0.001475344062782824,0.001475344062782824,0.0,741376,0.6486552907153964,6314.602006070985,,,,,,,,,
190,grpo_train,-1.4388017654418945,0.173097625374794,-1.433594822883606,-1.4442346096038818,1.3392901420593262,0.09951171278953552,4.790580351254903e-05,-1.232372596859932e-06,0.9996972680091858,8.285278454422951e-07,1.3075858760203118e-06,0.023152638226747513,0.0,1.000000238418579,9.213897964118503e-05,0.001523310667835176,0.001523310667835176,0.0,782336,0.6185122081078589,6622.343013293799,,,,,,,,,
199,validation,,,,,,,,,,,,0.023230443242937326,,,,,,,,,,1.5183556795120239,4.564713169359675,0.547314453125,0.9952163755893707,1.0,8.0,1.0,0.0,0.5554257500916719
200,grpo_train,-1.3908811807632446,0.11917364597320557,-1.388068675994873,-1.3943835496902466,1.2913572788238525,0.09952392429113388,5.070604311185889e-05,2.1337531507015228e-05,0.9993641376495361,-2.1762680262327194e-05,-2.1255620595184155e-05,0.023287691175937653,0.0,1.0000004768371582,9.132248904608807e-05,0.0012541910400614142,0.0012541910400614142,0.0,823296,0.5233045830391347,7827.181593197866,,,,,,,,,
210,grpo_train,-1.3232723474502563,0.12488062679767609,-1.3204209804534912,-1.3255559206008911,1.2237026691436768,0.09956970810890198,5.688875535270199e-05,-1.259148120880127e-06,0.9994542002677917,1.084059476852417e-06,1.652947048569331e-06,0.02323785610496998,0.0,0.9999995827674866,9.047015253956986e-05,0.0012254948960617185,0.0012254948960617185,0.0,864256,0.5949073750525713,6885.105432821439,,,,,,,,,
220,grpo_train,-1.3689281940460205,0.15068070590496063,-1.3657501935958862,-1.3727500438690186,1.269425630569458,0.0995025634765625,6.639192724833265e-05,-1.517217606306076e-05,0.9994971752166748,1.4948658645153046e-05,1.561257704452146e-05,0.023041747510433197,0.0,0.9999997019767761,8.958281127485851e-05,0.0026889119762927294,0.0026889119762927294,0.0,905216,0.6124652503058314,6687.726361544076,,,,,,,,,
230,grpo_train,-1.4853847026824951,0.17724132537841797,-1.4831156730651855,-1.488251805305481,1.3858211040496826,0.0995636060833931,7.321682642214e-05,-3.081653267145157e-05,0.9990705251693726,2.9857270419597626e-05,3.058943912037648e-05,0.023013170808553696,0.0,0.9999995827674866,8.866134095065227e-05,0.006973242852836847,0.006973242852836847,0.0,946176,0.6461757500655949,6338.832739520486,,,,,,,,,
240,grpo_train,-1.2773630619049072,0.14280055463314056,-1.2744953632354736,-1.281348705291748,1.1778268814086914,0.09953613579273224,6.81677702232264e-05,1.9195489585399628e-05,0.9995657205581665,-1.9336584955453873e-05,-1.865490776253864e-05,0.02294861525297165,0.0,1.0000001192092896,8.770665094691069e-05,0.0016428621020168066,0.0016428621020168066,0.0,987136,0.5757708330638707,7113.941458624786,,,,,,,,,
250,grpo_train,-1.2722091674804688,0.1333845555782318,-1.2680691480636597,-1.2758005857467651,1.1726243495941162,0.09958496689796448,7.048597763059661e-05,-7.845461368560791e-06,0.9995720982551575,7.791444659233093e-06,8.496304872096516e-06,0.023382853716611862,0.0,0.9999997615814209,8.671968342740631e-05,0.0014507310697808862,0.0014507310697808862,0.0,1028096,0.5669326670467854,7224.843862563988,,,,,,,,,
260,grpo_train,-1.3098745346069336,0.2112523764371872,-1.3065590858459473,-1.3126068115234375,1.2104177474975586,0.099456787109375,7.762263703625649e-05,-4.293862730264664e-06,0.9994716048240662,4.1942112147808075e-06,4.9704376579029486e-06,0.02301613986492157,0.0,1.0,8.57014124099229e-05,0.007758050225675106,0.007758050225675106,0.0,1069056,0.5704822917468846,7179.88982174637,,,,,,,,,
270,grpo_train,-1.405095100402832,0.12190651893615723,-1.4020674228668213,-1.4100104570388794,1.3055620193481445,0.0995330810546875,8.980309212347493e-05,8.217990398406982e-06,0.9994606971740723,-8.51508229970932e-06,-7.617051323904889e-06,0.022911159321665764,0.0,1.0000003576278687,8.465284280501733e-05,0.002489587990567088,0.002489587990567088,0.0,1110016,0.6077800416387618,6739.28019906005,,,,,,,,,
280,grpo_train,-1.3454557657241821,0.13607093691825867,-1.3410433530807495,-1.3497873544692993,1.2458982467651367,0.09955749660730362,0.00010445121733937413,-3.966037184000015e-06,0.9996603727340698,3.712833859026432e-06,4.757345777761657e-06,0.02253193035721779,0.0,1.000000238418579,8.35750094242943e-05,0.002102914033457637,0.002102914033457637,0.0,1150976,0.5813291249796748,7045.922566056207,,,,,,,,,
290,grpo_train,-1.3959834575653076,0.20079921185970306,-1.3924400806427002,-1.400160789489746,1.296438217163086,0.09954528510570526,0.00010736412514233962,5.291774868965149e-06,0.9996364116668701,-5.1865354180336e-06,-4.112894202989992e-06,0.02213224396109581,0.0,1.0,8.246897595917219e-05,0.004447319079190493,0.004447319079190493,0.0,1191936,0.58200708264485,7037.715041862204,,,,,,,,,
299,validation,,,,,,,,,,,,0.022105725854635237,,,,,,,,,,1.5183556795120239,4.564713169359675,0.547314453125,0.9954506278038024,1.0,8.0,1.0,0.0,0.5546431657858193
300,grpo_train,-1.3710896968841553,0.1818278729915619,-1.3684242963790894,-1.3737818002700806,1.271538257598877,0.09955139458179474,0.00010385702626081184,8.21240246295929e-06,0.9993524551391602,-7.990747690200806e-06,-6.9521775003522635e-06,0.02203184738755226,0.0,0.9999998807907104,8.133583393114802e-05,0.003371751867234707,0.003371751867234707,0.0,1232896,0.4831312499009073,8478.027452871473,,,,,,,,,
310,grpo_train,-1.3357958793640137,0.13814392685890198,-1.3322361707687378,-1.3409693241119385,1.236226201057434,0.09956970065832138,9.379981929669157e-05,4.168134182691574e-06,0.9995682835578918,-4.4254120439291e-06,-3.4874137782026082e-06,0.022010497748851776,0.0,1.0000001192092896,8.017670161459756e-05,0.0013010100228711963,0.0013010100228711963,0.0,1273856,0.5745090828277171,7129.565262640595,,,,,,,,,
320,grpo_train,-1.3583134412765503,0.11468269675970078,-1.3559792041778564,-1.3609124422073364,1.2587010860443115,0.09961242973804474,9.673038584878668e-05,-8.679227903485298e-06,0.9993069171905518,8.486444130539894e-06,9.453748134546913e-06,0.021537382155656815,0.0,1.0000001192092896,7.899272293317355e-05,0.0029402957297861576,0.0029402957297861576,0.0,1314816,0.5839288746938109,7014.552931892226,,,,,,,,,
330,grpo_train,-1.3339413404464722,0.0839405357837677,-1.3298766613006592,-1.3375252485275269,1.2343533039093018,0.09958801418542862,0.00011564486339921132,-7.694587111473083e-06,0.9994686841964722,7.611699402332306e-06,8.768148290982936e-06,0.021166089922189713,0.0,1.000000238418579,7.778506633089102e-05,0.001090726931579411,0.001090726931579411,0.0,1355776,0.5536157498136163,7398.633440936218,,,,,,,,,
340,grpo_train,-1.4155117273330688,0.22410832345485687,-1.411531686782837,-1.4194344282150269,1.3158869743347168,0.0996246337890625,0.00013509034761227667,2.253265120089054e-05,0.9993830919265747,-2.2686144802719355e-05,-2.1335241399356164e-05,0.020847558975219727,0.0,1.0,7.655492361901429e-05,0.0032931410241872072,0.0032931410241872072,0.0,1396736,0.5828948747366667,7026.996080297399,,,,,,,,,
350,grpo_train,-1.3960442543029785,0.11993055790662766,-1.3928147554397583,-1.3997820615768433,1.296480655670166,0.0995635986328125,0.0001343093899777159,3.4011900424957275e-06,0.9994392395019531,-3.807712346315384e-06,-2.4646183192089666e-06,0.020910631865262985,0.0,0.9999998211860657,7.530350879988308e-05,0.0022791214287281036,0.0022791214287281036,0.0,1437696,0.8593336250633001,4766.484029643645,,,,,,,,,
360,grpo_train,-1.5035512447357178,0.22603030502796173,-1.5006117820739746,-1.5079023838043213,1.4039723873138428,0.099578857421875,0.00012877829431090504,-1.2507662177085876e-06,0.999616801738739,1.201871782541275e-06,2.4896546619856963e-06,0.020629506558179855,0.0,0.9999997615814209,7.403205686883872e-05,0.0012422270374372602,0.0012422270374372602,0.0,1478656,0.5587083748541772,7331.194920908524,,,,,,,,,
370,grpo_train,-1.4004958868026733,0.21030257642269135,-1.3972764015197754,-1.403908610343933,1.3008713722229004,0.0996246337890625,0.00012260732182767242,2.1826475858688354e-05,0.9993125200271606,-2.182088792324066e-05,-2.059481448668521e-05,0.020803630352020264,0.0,0.9999998807907104,7.274182259543288e-05,0.001239684410393238,0.001239684410393238,0.0,1519616,0.5596868339926004,7318.37833450653,,,,,,,,,
380,grpo_train,-1.4257169961929321,0.09450379759073257,-1.4210435152053833,-1.4300086498260498,1.32615327835083,0.0995635986328125,0.00011599437857512385,-5.383044481277466e-06,0.9995861649513245,5.535781383514404e-06,6.6957250055565964e-06,0.021226678043603897,0.0,0.9999998211860657,7.143407928512154e-05,0.001586239319294691,0.001586239319294691,0.0,1560576,0.6050564590841532,6769.616187884238,,,,,,,,,
390,grpo_train,-1.2993605136871338,0.12374264001846313,-1.2968569993972778,-1.3019731044769287,1.1997816562652588,0.099578857421875,0.00011597343836911023,1.0812655091285706e-05,0.9994177222251892,-1.0974821634590626e-05,-9.815087651077192e-06,0.021889634430408478,0.0,1.0,7.011011752266625e-05,0.0020347260870039463,0.0020347260870039463,0.0,1601536,0.5822026249952614,7035.351309234199,,,,,,,,,
399,validation,,,,,,,,,,,,0.02184978239238262,,,,,,,,,,1.5183556795120239,4.564713169359675,0.547314453125,0.9955024987459182,1.0,8.0,1.0,0.0,0.5484117078594863
400,grpo_train,-1.2675096988677979,0.1461922824382782,-1.264663577079773,-1.2703185081481934,1.167952299118042,0.09955748915672302,0.00011074039503000677,2.016313374042511e-05,0.999431848526001,-2.0077917724847794e-05,-1.897051333799027e-05,0.021778356283903122,0.0,0.9999998211860657,6.877124389848268e-05,0.0014761623460799456,0.0014761623460799456,0.0,1642496,0.47394141694530845,8642.418352884039,,,,,,,,,
410,grpo_train,-1.2970619201660156,0.15596383810043335,-1.2944908142089844,-1.3003380298614502,1.1974983215332031,0.0995635986328125,0.00012362186680547893,8.542090654373169e-06,0.9994863271713257,-8.610077202320099e-06,-7.373858352366369e-06,0.021581361070275307,0.0,1.0000001192092896,6.741877971919374e-05,0.0011094718938693404,0.0011094718938693404,0.0,1683456,0.6143014589324594,6667.736077199099,,,,,,,,,
420,grpo_train,-1.4451754093170166,0.10847862809896469,-1.440550684928894,-1.4488866329193115,1.345611810684204,0.0995635986328125,0.00013289644266478717,-9.739771485328674e-06,0.9995633363723755,9.740237146615982e-06,1.1069201718783006e-05,0.021022677421569824,0.0,1.0,6.605405970365939e-05,0.0013023467035964131,0.0013023467035964131,0.0,1724416,0.6714835413731635,6099.926130168142,,,,,,,,,
430,grpo_train,-1.5023624897003174,0.14026924967765808,-1.4983115196228027,-1.5064678192138672,1.4028171300888062,0.09954528510570526,0.00014029743033461273,9.221956133842468e-06,0.9995386004447937,-9.136274456977844e-06,-7.73330066294875e-06,0.02068263664841652,0.0,0.9999997615814209,6.467843066577033e-05,0.002292661927640438,0.002292661927640438,0.0,1765376,0.5960567910224199,6871.828425902347,,,,,,,,,
440,grpo_train,-1.3970767259597778,0.11264555156230927,-1.3947136402130127,-1.3994038105010986,1.2975040674209595,0.09957275539636612,0.0001287198392674327,5.72623685002327e-06,0.9993304014205933,-5.874549970030785e-06,-4.587351668305928e-06,0.020792759954929352,0.0,1.0,6.329325018530526e-05,0.004110127221792936,0.004110127221792936,0.0,1806336,0.6067462079226971,6750.763245844388,,,,,,,,,
450,grpo_train,-1.438050627708435,0.240753173828125,-1.4333722591400146,-1.4428818225860596,1.3385145664215088,0.09953613579273224,0.00011891336180269718,1.0563060641288757e-05,0.9996402859687805,-1.12093985080719e-05,-1.0020265108323656e-05,0.021009519696235657,0.0,1.0000004768371582,6.18998852681635e-05,0.003963536117225885,0.003963536117225885,0.0,1847296,0.5865072081796825,6983.7163855369845,,,,,,,,,
460,grpo_train,-1.248112440109253,0.1667885035276413,-1.246087908744812,-1.2504549026489258,1.148539662361145,0.09957275539636612,0.00012002683070022613,2.952711656689644e-05,0.9990507364273071,-3.0131544917821884e-05,-2.8931277483934537e-05,0.021368760615587234,0.0,1.0,6.0499710997295305e-05,0.00564642995595932,0.00564642995595932,0.0,1888256,0.7722417078912258,5304.03882378358,,,,,,,,,
470,grpo_train,-1.3855717182159424,0.11860924959182739,-1.3829066753387451,-1.3892863988876343,1.2859958410263062,0.09957580268383026,0.00012991245603188872,1.1969008482992649e-05,0.99931401014328,-1.2164789950475097e-05,-1.0865665899473242e-05,0.020814523100852966,0.0,1.0,5.9094109175660917e-05,0.001851928886026144,0.001851928886026144,0.0,1929216,0.6181284999474883,6626.453885151657,,,,,,,,,
480,grpo_train,-1.4780795574188232,0.129354327917099,-1.4754738807678223,-1.480837345123291,1.378558874130249,0.09952087700366974,0.0001382108748657629,-5.586422048509121e-06,0.9992086887359619,5.010340828448534e-06,6.392449449776905e-06,0.020498888567090034,0.0,0.9999995231628418,5.768446696255794e-05,0.004673402290791273,0.004673402290791273,0.0,1970176,0.56829574983567,7207.514751226648,,,,,,,,,
490,grpo_train,-1.3729811906814575,0.2412145584821701,-1.3698854446411133,-1.3772355318069458,1.2734358310699463,0.09954528510570526,0.00014331054990179837,-9.943032637238503e-06,0.9995157718658447,9.930343367159367e-06,1.1363448720658198e-05,0.020511943846940994,0.0,1.0000004768371582,5.627217550466253e-05,0.0008194838301278651,0.0008194838301278651,0.0,2011136,1.320305165834725,3102.3130909363836,,,,,,,,,
499,validation,,,,,,,,,,,,0.020274206809699536,,,,,,,,,,1.5183556795120239,4.564713169359675,0.547314453125,0.9959215015172959,1.0,8.0,1.0,0.0,0.6246406249701977
500,grpo_train,-1.423050880432129,0.1635683923959732,-1.4188064336776733,-1.4261250495910645,1.3234446048736572,0.09960632771253586,0.0001556978968437761,-1.1703930795192719e-05,0.9995007514953613,1.144828274846077e-05,1.3005261280341074e-05,0.020274080336093903,0.0,1.000000238418579,5.485862856313565e-05,0.0023703540209680796,0.0023703540209680796,0.0,2052096,0.5193224172107875,7887.200444762384,,,,,,,,,
510,grpo_train,-1.350852131843567,0.17997834086418152,-1.3476886749267578,-1.3544230461120605,1.251270055770874,0.09958191215991974,0.00016791076632216573,-5.520880222320557e-06,0.9995298385620117,5.247071385383606e-06,6.926179139554733e-06,0.019830234348773956,0.0,0.9999998211860657,5.344522113814897e-05,0.001990731805562973,0.001990731805562973,0.0,2093056,0.6546352081932127,6256.919806230592,,,,,,,,,
520,grpo_train,-1.4339184761047363,0.21040834486484528,-1.4319500923156738,-1.435886025428772,1.334336519241333,0.09958191215991974,0.0001758698490448296,-2.5958754122257233e-05,0.9990701675415039,2.5753863155841827e-05,2.7512562155607156e-05,0.019718945026397705,0.0,0.9999998807907104,5.203334809218819e-05,0.005638533737510443,0.005638533737510443,0.0,2134016,0.6207250826992095,6598.734470642999,,,,,,,,,
530,grpo_train,-1.4016003608703613,0.16482600569725037,-1.3988139629364014,-1.4043304920196533,1.301957368850708,0.09964294731616974,0.00017555791418999434,1.1110678315162659e-05,0.9994485378265381,-1.1385418474674225e-05,-9.629839041735977e-06,0.019798047840595245,0.0,0.9999995231628418,5.0624402773492234e-05,0.0030353786423802376,0.0030353786423802376,0.0,2174976,0.6153677091933787,6656.182862388114,,,,,,,,,
540,grpo_train,-1.4065477848052979,0.07439757138490677,-1.4033252000808716,-1.4095617532730103,1.3069965839385986,0.09955138713121414,0.0001653569343034178,3.3550895750522614e-07,0.9994333982467651,-7.692724466323853e-07,8.842968099997961e-07,0.02006860449910164,0.0,1.0000001192092896,4.921977564098656e-05,0.007280106656253338,0.007280106656253338,0.0,2215936,0.5923346248455346,6915.0102462237965,,,,,,,,,
550,grpo_train,-1.3645055294036865,0.19121429324150085,-1.361943006515503,-1.367061972618103,1.2648931741714478,0.09961242973804474,0.00015928520588204265,-8.40798020362854e-06,0.9993432760238647,8.466653525829315e-06,1.0059505257231649e-05,0.020366095006465912,0.0,0.9999998211860657,4.782085289206831e-05,0.0020095878280699253,0.0020095878280699253,0.0,2256896,0.6440401659347117,6359.8517866589455,,,,,,,,,
560,grpo_train,-1.3246177434921265,0.21288013458251953,-1.321211576461792,-1.3297431468963623,1.2250449657440186,0.09957275539636612,0.00015841644199099392,-5.456153303384781e-06,0.999598503112793,5.225185304880142e-06,6.809349542891141e-06,0.020388800650835037,0.0,0.9999998807907104,4.642901509459665e-05,0.0018362796399742365,0.0018362796399742365,0.0,2297856,0.6363540003076196,6436.668895017482,,,,,,,,,
570,grpo_train,-1.369009256362915,0.09256654977798462,-1.3651554584503174,-1.3728854656219482,1.2694090604782104,0.09960021823644638,0.0001651435741223395,-9.068753570318222e-07,0.9996035695075989,8.328352123498917e-07,2.4842709080985514e-06,0.020197326317429543,0.0,1.0000001192092896,4.504563582443907e-05,0.0013142074458301067,0.0013142074458301067,0.0,2338816,0.6749512082897127,6068.586809969608,,,,,,,,,
580,grpo_train,-1.4535536766052246,0.14683063328266144,-1.4497007131576538,-1.457578420639038,1.3540022373199463,0.09955139458179474,0.00017317211313638836,6.420537829399109e-06,0.9995565414428711,-6.7157670855522156e-06,-4.984045972378226e-06,0.02025580033659935,0.0,0.9999998807907104,4.36720803099178e-05,0.0028178151696920395,0.0028178151696920395,0.0,2379776,0.55792879126966,7341.438664025331,,,,,,,,,
590,grpo_train,-1.4507527351379395,0.09911324083805084,-1.4479541778564453,-1.4539626836776733,1.3512043952941895,0.09954833984375,0.00016857119044288993,-2.132728695869446e-06,0.9995162487030029,2.0759180188179016e-06,3.7616298413922777e-06,0.02038656361401081,0.0,1.0,4.2309704084494345e-05,0.0014291290426626801,0.0014291290426626801,0.0,2420736,0.584739541169256,7004.828152735427,,,,,,,,,
599,validation,,,,,,,,,,,,0.020617824513465166,,,,,,,,,,1.5183556795120239,4.564713169359675,0.547314453125,0.9957923620939255,1.0,8.0,1.0,0.0,0.5284929997287691
600,grpo_train,-1.4311175346374512,0.15979772806167603,-1.4282859563827515,-1.4338523149490356,1.3315355777740479,0.09958191215991974,0.00016628179582767189,3.9173755794763565e-06,0.9993036389350891,-3.9478763937950134e-06,-2.285058599227341e-06,0.02050936222076416,0.0,0.9999999403953552,4.09598516490215e-05,0.0015267591224983335,0.0015267591224983335,0.0,2461696,0.49730158410966396,8236.450739108763,,,,,,,,,
610,grpo_train,-1.4290645122528076,0.14162714779376984,-1.4264578819274902,-1.4316810369491577,1.329494833946228,0.09956970810890198,0.00016532366862520576,1.4919787645339966e-06,0.9993936419487,-1.6256235539913177e-06,2.7613054953690153e-08,0.020714541897177696,0.0,0.9999998807907104,3.962385514488342e-05,0.0019016435835510492,0.0019016435835510492,0.0,2502656,0.5996513329446316,6830.636029584548,,,,,,,,,
620,grpo_train,-1.4235038757324219,0.1860223114490509,-1.420623779296875,-1.4268358945846558,1.3239312171936035,0.09957275539636612,0.0001660374691709876,2.3441389203071594e-06,0.9994959235191345,-2.2989697754383087e-06,-6.385951110132737e-07,0.020614180713891983,0.0,0.9999998807907104,3.830303303933288e-05,0.004141372628509998,0.004141372628509998,0.0,2543616,0.5895032919943333,6948.222436795779,,,,,,,,,
630,grpo_train,-1.2921779155731201,0.12357958406209946,-1.2896605730056763,-1.2951445579528809,1.192525863647461,0.09965209662914276,0.0001735763653414324,-6.780028343200684e-07,0.999459981918335,7.171183824539185e-07,2.4528819722036133e-06,0.02053775265812874,0.0,1.000000238418579,3.6998688824323285e-05,0.0009369063191115856,0.0009369063191115856,0.0,2584576,0.5472896667197347,7484.153728956751,,,,,,,,,
640,grpo_train,-1.4899804592132568,0.14419087767601013,-1.4860906600952148,-1.494036316871643,1.390383243560791,0.09959717094898224,0.00017994381778407842,1.724250614643097e-05,0.9994437098503113,-1.727323979139328e-05,-1.5473800885956734e-05,0.020287303254008293,0.0,0.9999999403953552,3.571210973011942e-05,0.0018206012900918722,0.0018206012900918722,0.0,2625536,0.5418885420076549,7558.749968812108,,,,,,,,,
650,grpo_train,-1.4171340465545654,0.19281654059886932,-1.4138116836547852,-1.4205503463745117,1.317539930343628,0.0995941162109375,0.00017686486535239965,-2.6844791136682034e-06,0.9995297193527222,2.7057831175625324e-06,4.474431989365257e-06,0.020382486283779144,0.0,1.0,3.444456545495675e-05,0.003087936667725444,0.003087936667725444,0.0,2666496,0.561378083191812,7296.330445804875,,,,,,,,,
660,grpo_train,-1.3703532218933105,0.17556148767471313,-1.366212248802185,-1.3746200799942017,1.2707561254501343,0.09959717094898224,0.0001754286204231903,-2.966728061437607e-06,0.9996381998062134,2.9008369892835617e-06,4.6551231207558885e-06,0.020241331309080124,0.0,1.0,3.319730691200231e-05,0.0017070412868633866,0.0017070412868633866,0.0,2707456,0.5841601667925715,7011.7755931387255,,,,,,,,,
670,grpo_train,-1.4468733072280884,0.06486944854259491,-1.4442005157470703,-1.4509146213531494,1.3473128080368042,0.09956055134534836,0.00017885526176542044,4.2142346501350403e-07,0.9994420409202576,-4.216562956571579e-07,1.366896299259679e-06,0.020310673862695694,0.0,1.0,3.197156499485471e-05,0.0010460122721269727,0.0010460122721269727,0.0,2748416,0.554350667167455,7388.82487673223,,,,,,,,,
680,grpo_train,-1.3166974782943726,0.19979073107242584,-1.314009666442871,-1.3199412822723389,1.2171521186828613,0.09954528510570526,0.0001758694415912032,4.521687515079975e-06,0.9994621872901917,-4.613189958035946e-06,-2.8544955057441257e-06,0.02056468278169632,0.0,1.0000001192092896,3.076854936280053e-05,0.0014194806572049856,0.0014194806572049856,0.0,2789376,0.5674621248617768,7218.102883954958,,,,,,,,,
690,grpo_train,-1.4181753396987915,0.19106969237327576,-1.4153774976730347,-1.421148419380188,1.3186116218566895,0.0995635986328125,0.00017691586981527507,-4.434026777744293e-06,0.9994073510169983,4.262663424015045e-06,6.031822067598114e-06,0.020486081019043922,0.0,0.9999999403953552,2.9589447247026764e-05,0.004956013523042202,0.004956013523042202,0.0,2830336,0.582928332965821,7026.592753109775,,,,,,,,,
699,validation,,,,,,,,,,,,0.020308112166821955,,,,,,,,,,1.5183556795120239,4.564713169359675,0.547314453125,0.9958651840686799,1.0,8.0,1.0,0.0,0.5560926659964025
700,grpo_train,-1.3750958442687988,0.13938717544078827,-1.3719797134399414,-1.3781700134277344,1.275559663772583,0.09953613579273224,0.0001865671220002696,-5.449168384075165e-06,0.9995221495628357,5.271285772323608e-06,7.136956810427364e-06,0.020274396985769272,0.0,1.0,2.8435422278966963e-05,0.0037306349258869886,0.0037306349258869886,0.0,2871296,0.46518916729837656,8805.020168005736,,,,,,,,,
710,grpo_train,-1.4453810453414917,0.08426171541213989,-1.4410284757614136,-1.4491034746170044,1.3457838296890259,0.09959717839956284,0.00018090623780153692,1.3026408851146698e-05,0.9995971322059631,-1.3015116564929485e-05,-1.120605429605348e-05,0.020356884226202965,0.0,0.9999998807907104,2.7307613341937536e-05,0.0009159963228739798,0.0009159963228739798,0.0,2912256,0.5591099578887224,7325.929259902775,,,,,,,,,
720,grpo_train,-1.41713547706604,0.12142708897590637,-1.4139491319656372,-1.4212957620620728,1.3175841569900513,0.09955139458179474,0.00018044872558675706,-4.581175744533539e-06,0.9995381832122803,4.342291504144669e-06,6.146778559923405e-06,0.02043699473142624,0.0,0.9999998807907104,2.620713344719721e-05,0.004086765460669994,0.004086765460669994,0.0,2953216,0.5757109588012099,7114.681312527053,,,,,,,,,
730,grpo_train,-1.4453809261322021,0.16844190657138824,-1.4425804615020752,-1.4480104446411133,1.3458020687103271,0.099578857421875,0.00018186811939813197,7.636845111846924e-06,0.999454915523529,-7.653608918190002e-06,-5.834927833348047e-06,0.020273849368095398,0.0,1.0,2.513506863553959e-05,0.0034383279271423817,0.0034383279271423817,0.0,2994176,0.5749881672672927,7123.62485556317,,,,,,,,,
740,grpo_train,-1.5169874429702759,0.20040707290172577,-1.5139343738555908,-1.5195517539978027,1.417359709739685,0.09962768107652664,0.0001827533997129649,-1.4590099453926086e-05,0.9992436170578003,1.449882984161377e-05,1.632636303838808e-05,0.020246677100658417,0.0,1.0,2.4092476905501844e-05,0.003948745783418417,0.003948745783418417,0.0,3035136,0.4917074581608176,8330.156339951964,,,,,,,,,
750,grpo_train,-1.2817721366882324,0.1618349552154541,-1.2789618968963623,-1.2843714952468872,1.1821720600128174,0.09960022568702698,0.0001805984793463722,-2.5270506739616394e-05,0.9993427991867065,2.5350600481033325e-05,2.7156585929333232e-05,0.020384056493639946,0.0,1.0,2.3080387169247884e-05,0.003481911728158593,0.003481911728158593,0.0,3076096,0.44763266667723656,9150.359893089308,,,,,,,,,
760,grpo_train,-1.4594948291778564,0.18182551860809326,-1.4541763067245483,-1.465877652168274,1.3599188327789307,0.09957581013441086,0.00018726001144386828,7.627531886100769e-07,0.9995904564857483,-9.508803486824036e-07,9.21719674806809e-07,0.020328035578131676,0.0,0.9999999403953552,2.2099798237156306e-05,0.003529705572873354,0.003529705572873354,0.0,3117056,0.46552504086866975,8798.66739790595,,,,,,,,,
770,grpo_train,-1.3623815774917603,0.1564473658800125,-1.359915018081665,-1.365389108657837,1.262814998626709,0.09956665337085724,0.0001896691246656701,-1.2959353625774384e-05,0.9994872808456421,1.279311254620552e-05,1.4689803720102645e-05,0.020262420177459717,0.0,1.0,2.115167783211517e-05,0.003350710729137063,0.003350710729137063,0.0,3158016,0.47488029208034277,8625.331622115447,,,,,,,,,
780,grpo_train,-1.3645827770233154,0.13611502945423126,-1.3600331544876099,-1.3699939250946045,1.2650253772735596,0.09955750405788422,0.0001906626275740564,-1.1101365089416504e-06,0.9996024966239929,9.755603969097137e-07,2.8821866635553306e-06,0.02019377425312996,0.0,1.0,2.0236961634496263e-05,0.0030233568977564573,0.0030233568977564573,0.0,3198976,0.4836527081206441,8468.886726419982,,,,,,,,,
790,grpo_train,-1.3410342931747437,0.13824093341827393,-1.3385961055755615,-1.3428027629852295,1.2414462566375732,0.09958801418542862,0.0001861584751168266,3.1730509363114834e-05,0.9980954527854919,-3.170309355482459e-05,-2.98415088764159e-05,0.020178351551294327,0.0,1.0,1.935655235875163e-05,0.001728675328195095,0.001728675328195095,0.0,3239936,0.48015729198232293,8530.537947449926,,,,,,,,,
799,validation,,,,,,,,,,,,0.020295765716582537,,,,,,,,,,1.5183556795120239,4.564713169359675,0.547314453125,0.9958671450614929,1.0,8.0,1.0,0.0,0.47532099997624755
800,grpo_train,-1.33971107006073,0.18332140147686005,-1.3368747234344482,-1.343134880065918,1.2401535511016846,0.09955748915672302,0.00018803324201144278,2.035871148109436e-06,0.9994661808013916,-2.0996667444705963e-06,-2.1933431071374798e-07,0.020169805735349655,0.0,1.0,1.8511318862543336e-05,0.0017962665297091007,0.0017962665297091007,0.0,3280896,0.39930699998512864,10257.771589660455,,,,,,,,,
810,grpo_train,-1.4939534664154053,0.10430467873811722,-1.4905569553375244,-1.4986721277236938,1.3943564891815186,0.09959716349840164,0.00019151606829836965,9.690411388874054e-07,0.9995916485786438,-1.000240445137024e-06,9.149202924163546e-07,0.020388014614582062,0.0,1.0,1.7702095289285835e-05,0.0016490202397108078,0.0016490202397108078,0.0,3321856,0.5538342501968145,7395.714509430241,,,,,,,,,
820,grpo_train,-1.3650797605514526,0.1710217148065567,-1.361519694328308,-1.3682005405426025,1.2654979228973389,0.09958191215991974,0.00019559645443223417,-7.461290806531906e-06,0.9994847178459167,7.397029548883438e-06,9.352994311484508e-06,0.020365562289953232,0.0,1.0000001192092896,1.6929680244947214e-05,0.0038156884256750345,0.0038156884256750345,0.0,3362816,0.5304499589838088,7721.746284695301,,,,,,,,,
830,grpo_train,-1.3271706104278564,0.12721125781536102,-1.323629379272461,-1.3309035301208496,1.2276588678359985,0.09951172024011612,0.00019180713570676744,-5.403533577919006e-06,0.9995421171188354,5.220877937972546e-06,7.1389495133189484e-06,0.020186016336083412,0.0,1.000000238418579,1.6194836009921424e-05,0.00592788215726614,0.00592788215726614,0.0,3403776,0.5097901253029704,8034.678972186309,,,,,,,,,
840,grpo_train,-1.3454477787017822,0.2154219001531601,-1.342312216758728,-1.3481312990188599,1.245795726776123,0.09965209662914276,0.00019426917424425483,-1.2386590242385864e-06,0.99949711561203,1.2527452781796455e-06,3.1954368751030415e-06,0.02024432271718979,0.0,1.0000001192092896,1.5498287786749614e-05,0.0016330345533788204,0.0016330345533788204,0.0,3444736,0.5163122499361634,7933.183844672341,,,,,,,,,
850,grpo_train,-1.3812916278839111,0.06887853145599365,-1.3785735368728638,-1.383845329284668,1.2817034721374512,0.09958800673484802,0.00019662882550619543,1.895427703857422e-05,0.9993283748626709,-1.8979888409376144e-05,-1.701360088190995e-05,0.020196611061692238,0.0,0.9999999403953552,1.484072298443276e-05,0.0010942601365968585,0.0010942601365968585,0.0,3485696,0.5625236658379436,7281.471427337262,,,,,,,,,
860,grpo_train,-1.378251314163208,0.15032732486724854,-1.3754518032073975,-1.381850242614746,1.2786481380462646,0.09960326552391052,0.00019595387857407331,3.0357157811522484e-05,0.9994685053825378,-3.0341092497110367e-05,-2.838155342033133e-05,0.020182132720947266,0.0,0.9999999403953552,1.4222790540042025e-05,0.002975922543555498,0.002975922543555498,0.0,3526656,0.5079313330352306,8064.082157569707,,,,,,,,,
870,grpo_train,-1.358020544052124,0.135846808552742,-1.3542617559432983,-1.3605257272720337,1.258411169052124,0.099609375,0.0001954487815964967,-5.306676030158997e-06,0.9994738698005676,5.335081368684769e-06,7.2895691118901595e-06,0.020183280110359192,0.0,0.9999999403953552,1.3645100278296096e-05,0.0026806266978383064,0.0026806266978383064,0.0,3567616,0.4867822090163827,8414.440635118093,,,,,,,,,
880,grpo_train,-1.3610368967056274,0.15912604331970215,-1.3577852249145508,-1.364544153213501,1.2614092826843262,0.09962768852710724,0.000194614302017726,3.732740879058838e-06,0.9995438456535339,-3.829598426818848e-06,-1.8834555248758988e-06,0.020396273583173752,0.0,0.9999999403953552,1.3108222309737934e-05,0.004070695955306292,0.004070695955306292,0.0,3608576,0.49953895807266235,8199.560682520783,,,,,,,,,
890,grpo_train,-1.493140697479248,0.1786118596792221,-1.489408254623413,-1.497429609298706,1.393647313117981,0.09949340671300888,0.00019264707225374877,2.9746443033218384e-06,0.9994238615036011,-3.052409738302231e-06,-1.125938979384955e-06,0.020400095731019974,0.0,0.9999998807907104,1.2612686468104463e-05,0.00306219351477921,0.00306219351477921,0.0,3649536,0.6728260843083262,6087.754466610402,,,,,,,,,
899,validation,,,,,,,,,,,,0.02039359798654914,,,,,,,,,,1.5183556795120239,4.564713169359675,0.547314453125,0.9958340436220169,1.0,8.0,1.0,0.0,0.4870086656883359
900,grpo_train,-1.4170900583267212,0.15607376396656036,-1.4138232469558716,-1.4204062223434448,1.3175020217895508,0.09958801418542862,0.00019156640337314457,4.272093065083027e-06,0.9995256066322327,-4.282337613403797e-06,-2.3666736979066627e-06,0.020378805696964264,0.0,1.0,1.2158981787444586e-05,0.0007308791391551495,0.0007308791391551495,0.0,3690496,0.43633858393877745,9387.205603102724,,,,,,,,,
910,grpo_train,-1.4645954370498657,0.1510365754365921,-1.4625660181045532,-1.4676218032836914,1.3649982213974,0.09959717094898224,0.00019372004317119718,1.6378238797187805e-05,0.9992727637290955,-1.6353093087673187e-05,-1.4415893019759096e-05,0.02024766057729721,0.0,1.0,1.1747556019501689e-05,0.00351507100276649,0.00351507100276649,0.0,3731456,0.6070137079805136,6747.7883055179545,,,,,,,,,
920,grpo_train,-1.4007450342178345,0.13403157889842987,-1.3981270790100098,-1.4045135974884033,1.3011325597763062,0.09961242973804474,0.0001956167398020625,-1.0270625352859497e-05,0.9991800785064697,1.0260380804538727e-05,1.2216548384458292e-05,0.020372353494167328,0.0,1.0,1.1378815191836702e-05,0.0006007792544551194,0.0006007792544551194,0.0,3772416,0.4827716671861708,8484.342140195364,,,,,,,,,
930,grpo_train,-1.38954496383667,0.1565176099538803,-1.3868837356567383,-1.3931337594985962,1.289905071258545,0.099639892578125,0.0002006963622989133,-4.639150574803352e-06,0.9992469549179077,4.648813046514988e-06,6.655776815023273e-06,0.02028266154229641,0.0,1.0,1.1053123207127908e-05,0.0017540864646434784,0.0017540864646434784,0.0,3813376,0.5521881249733269,7417.7618365079015,,,,,,,,,
940,grpo_train,-1.320408821105957,0.15222963690757751,-1.3178590536117554,-1.3236569166183472,1.22079336643219,0.09961547702550888,0.00019960527424700558,2.0798295736312866e-05,0.9993680715560913,-2.086162567138672e-05,-1.88655722013209e-05,0.020087584853172302,0.0,1.0,1.0770801484042949e-05,0.004455632995814085,0.004455632995814085,0.0,3854336,0.5151407918892801,7951.224334182331,,,,,,,,,
950,grpo_train,-1.466888666152954,0.1516166478395462,-1.4630026817321777,-1.4698578119277954,1.36726713180542,0.09962157905101776,0.00020040223898831755,-1.7680693417787552e-05,0.9994192123413086,1.7607701011002064e-05,1.9611723473644815e-05,0.020187925547361374,0.0,0.9999999403953552,1.0532128640037387e-05,0.0030461731366813183,0.0030461731366813183,0.0,3895296,0.5451510003767908,7513.514599017478,,,,,,,,,
960,grpo_train,-1.3124589920043945,0.09074900299310684,-1.3102222681045532,-1.315238118171692,1.2128771543502808,0.09958191215991974,0.00020023348042741418,2.314336597919464e-06,0.9994210004806519,-2.3329630494117737e-06,-3.3062838156183716e-07,0.020304325968027115,0.0,1.0,1.0337340216392936e-05,0.004953775554895401,0.004953775554895401,0.0,3936256,0.5632075830362737,7272.629352606204,,,,,,,,,
970,grpo_train,-1.377333164215088,0.11960812658071518,-1.3743005990982056,-1.3800804615020752,1.2778000831604004,0.0995330810546875,0.000201036426005885,-1.0243616998195648e-05,0.9994041919708252,1.0213349014520645e-05,1.222371338371886e-05,0.020252693444490433,0.0,1.0,1.018662844576665e-05,0.002573192585259676,0.002573192585259676,0.0,3977216,0.47430958366021514,8635.70996898575,,,,,,,,,
980,grpo_train,-1.3756213188171387,0.11061915010213852,-1.370808720588684,-1.3789772987365723,1.2759569883346558,0.09966431558132172,0.0002023790730163455,3.888679202646017e-06,0.999405026435852,-3.909633960574865e-06,-1.8858431758417282e-06,0.02020532824099064,0.0,1.0,1.008014206248047e-05,0.0015555310528725386,0.0015555310528725386,0.0,4018176,0.49339266726747155,8301.704244379316,,,,,,,,,
990,grpo_train,-1.4377055168151855,0.19623292982578278,-1.4345592260360718,-1.4412531852722168,1.3380992412567139,0.09960632026195526,0.00020244342158548534,4.001893103122711e-06,0.9994873404502869,-4.059635102748871e-06,-2.0352008505142294e-06,0.02022779919207096,0.0,1.0,1.0017986155738457e-05,0.0023958405945450068,0.0023958405945450068,0.0,4059136,0.4684383752755821,8743.946303695391,,,,,,,,,
999,grpo_train,-1.3260345458984375,0.12664999067783356,-1.3211698532104492,-1.332751750946045,1.2264494895935059,0.09958495944738388,0.0002017868246184662,1.0273419320583344e-05,0.9995322227478027,-1.0337214916944504e-05,-8.319346306961961e-06,0.020209182053804398,0.0,0.9999999403953552,1e-05,0.004544355906546116,0.004544355906546116,0.0,4096000,0.493478000164032,8300.268702228854,,,,,,,,,
999,validation,,,,,,,,,,,,0.020224656723439694,,,,,,,,,,1.5183556795120239,4.564713169359675,0.547314453125,0.9958754330873489,1.0,8.0,1.0,0.0,0.45789325004443526
