step,split,train_loss,train_perplexity,train_accuracy,val_loss,val_perplexity,val_accuracy,total_loss,density_loss,lambda_density,target_density,mean_soft_gate,mean_hard_gate,layers_per_token,compute_fraction,skip_fraction,routing_entropy,learning_rate,gradient_norm,router_gradient_norm,transformer_gradient_norm,tokens_processed,seconds_per_step,tokens_per_second,validation_time_sec,layer_0_density,layer_1_density,layer_2_density,layer_3_density,layer_4_density,layer_5_density,layer_6_density,layer_7_density,layer_0_soft_probability,layer_1_soft_probability,layer_2_soft_probability,layer_3_soft_probability,layer_4_soft_probability,layer_5_soft_probability,layer_6_soft_probability,layer_7_soft_probability
0,train,4.167469024658203,64.55186599741675,0.025146484375,,,,4.167469024658203,0.0,0.0,1.0,1.0,1.0,8.0,1.0,0.0,0.0,2.9999999999999997e-05,5.911305904388428,0.0,5.911305904388428,4096,0.32230104180052876,12708.615451932059,,1.0,1.0,1.0,1.0,1.0,1.0,1.0,1.0,1.0,1.0,1.0,1.0,1.0,1.0,1.0,1.0
20,train,3.3857929706573486,29.54140890118604,0.1640625,,,,3.3857929706573486,0.0,0.0,1.0,1.0,1.0,8.0,1.0,0.0,0.0,6.599999999999999e-05,1.277874231338501,0.0,1.277874231338501,86016,0.24339875020086765,16828.35263788219,,1.0,1.0,1.0,1.0,1.0,1.0,1.0,1.0,1.0,1.0,1.0,1.0,1.0,1.0,1.0,1.0
40,train,2.982703685760498,19.741118337324494,0.244140625,,,,2.982703685760498,0.0,0.0,1.0,1.0,1.0,8.0,1.0,0.0,0.0,0.00012599999999999997,1.1364046335220337,0.0,1.1364046335220337,167936,0.25653349980711937,15966.72560534851,,1.0,1.0,1.0,1.0,1.0,1.0,1.0,1.0,1.0,1.0,1.0,1.0,1.0,1.0,1.0,1.0
60,train,2.7767271995544434,16.066352842198658,0.251220703125,,,,2.7767271995544434,0.0,0.0,1.0,1.0,1.0,8.0,1.0,0.0,0.0,0.000186,0.8171440958976746,0.0,0.8171440958976746,249856,0.23979541705921292,17081.227198719025,,1.0,1.0,1.0,1.0,1.0,1.0,1.0,1.0,1.0,1.0,1.0,1.0,1.0,1.0,1.0,1.0
80,train,2.6163241863250732,13.685326306737002,0.272705078125,,,,2.6163241863250732,0.0,0.0,1.0,1.0,1.0,8.0,1.0,0.0,0.0,0.00024599999999999996,0.8404345512390137,0.0,0.8404345512390137,331776,0.2382151666097343,17194.539114759384,,1.0,1.0,1.0,1.0,1.0,1.0,1.0,1.0,1.0,1.0,1.0,1.0,1.0,1.0,1.0,1.0
100,train,2.575377941131592,13.136280961309728,0.2763671875,,,,2.575377941131592,0.0,0.0,1.0,1.0,1.0,8.0,1.0,0.0,0.0,0.0002999999722532997,0.725184440612793,0.0,0.725184440612793,413696,0.24444908322766423,16756.045659558673,,1.0,1.0,1.0,1.0,1.0,1.0,1.0,1.0,1.0,1.0,1.0,1.0,1.0,1.0,1.0,1.0
120,train,2.4977340698242188,12.154920531552065,0.278076171875,,,,2.4977340698242188,0.0,0.0,1.0,1.0,1.0,8.0,1.0,0.0,0.0,0.0002999877638895945,0.7383285760879517,0.0,0.7383285760879517,495616,0.2616848750039935,15652.413995793573,,1.0,1.0,1.0,1.0,1.0,1.0,1.0,1.0,1.0,1.0,1.0,1.0,1.0,1.0,1.0,1.0
140,train,2.4936904907226562,12.105870384816644,0.28466796875,,,,2.4936904907226562,0.0,0.0,1.0,1.0,1.0,8.0,1.0,0.0,0.0,0.0002999533604809292,0.6402791738510132,0.0,0.6402791738510132,577536,0.240148541983217,17056.110214844663,,1.0,1.0,1.0,1.0,1.0,1.0,1.0,1.0,1.0,1.0,1.0,1.0,1.0,1.0,1.0,1.0
160,train,2.480456829071045,11.946720780797929,0.275634765625,,,,2.480456829071045,0.0,0.0,1.0,1.0,1.0,8.0,1.0,0.0,0.0,0.0002998967676840031,0.7056719064712524,0.0,0.7056719064712524,659456,0.30279058311134577,13527.501277983172,,1.0,1.0,1.0,1.0,1.0,1.0,1.0,1.0,1.0,1.0,1.0,1.0,1.0,1.0,1.0,1.0
180,train,2.435708522796631,11.423909947240906,0.283935546875,,,,2.435708522796631,0.0,0.0,1.0,1.0,1.0,8.0,1.0,0.0,0.0,0.0002998179948039535,0.6901118755340576,0.0,0.6901118755340576,741376,0.22856116574257612,17920.804641910356,,1.0,1.0,1.0,1.0,1.0,1.0,1.0,1.0,1.0,1.0,1.0,1.0,1.0,1.0,1.0,1.0
200,train,2.4240546226501465,11.291549596610386,0.2880859375,,,,2.4240546226501465,0.0,0.0,1.0,1.0,1.0,8.0,1.0,0.0,0.0,0.00029971705479282546,0.7753458619117737,0.0,0.7753458619117737,823296,0.23904741695150733,17134.675840613272,,1.0,1.0,1.0,1.0,1.0,1.0,1.0,1.0,1.0,1.0,1.0,1.0,1.0,1.0,1.0,1.0
220,train,2.4100284576416016,11.134277995849569,0.298583984375,,,,2.4100284576416016,0.0,0.0,1.0,1.0,1.0,8.0,1.0,0.0,0.0,0.00029959396424744254,0.7841077446937561,0.0,0.7841077446937561,905216,0.2369459168985486,17286.645212602478,,1.0,1.0,1.0,1.0,1.0,1.0,1.0,1.0,1.0,1.0,1.0,1.0,1.0,1.0,1.0,1.0
240,train,2.418365001678467,11.227487376914372,0.294677734375,,,,2.418365001678467,0.0,0.0,1.0,1.0,1.0,8.0,1.0,0.0,0.0,0.0002994487434066776,0.7634361386299133,0.0,0.7634361386299133,987136,0.2470500827766955,16579.634193858205,,1.0,1.0,1.0,1.0,1.0,1.0,1.0,1.0,1.0,1.0,1.0,1.0,1.0,1.0,1.0,1.0
249,validation,,,,2.378036870956421,10.783712252064328,0.3026171875,,0.0,,1.0,1.0,1.0,8.0,1.0,0.0,0.0,,,,,,,,3.7136051668785512,1.0,1.0,1.0,1.0,1.0,1.0,1.0,1.0,1.0,1.0,1.0,1.0,1.0,1.0,1.0,1.0
260,train,2.3637547492980957,10.630792569862688,0.3046875,,,,2.3637547492980957,0.0,0.0,1.0,1.0,1.0,8.0,1.0,0.0,0.0,0.00029928141614812506,0.7057254314422607,0.0,0.7057254314422607,1069056,0.2687221667729318,15242.50883054649,,1.0,1.0,1.0,1.0,1.0,1.0,1.0,1.0,1.0,1.0,1.0,1.0,1.0,1.0,1.0,1.0
280,train,2.382770299911499,10.834877185138678,0.2978515625,,,,2.382770299911499,0.0,0.0,1.0,1.0,1.0,8.0,1.0,0.0,0.0,0.00029909200998417515,0.940998375415802,0.0,0.940998375415802,1150976,0.2321737501770258,17641.959941108405,,1.0,1.0,1.0,1.0,1.0,1.0,1.0,1.0,1.0,1.0,1.0,1.0,1.0,1.0,1.0,1.0
300,train,2.329282283782959,10.270567534263177,0.317138671875,,,,2.329282283782959,0.0,0.0,1.0,1.0,1.0,8.0,1.0,0.0,0.0,0.00029888055605748994,0.7041648626327515,0.0,0.7041648626327515,1232896,0.24074783409014344,17013.652544289685,,1.0,1.0,1.0,1.0,1.0,1.0,1.0,1.0,1.0,1.0,1.0,1.0,1.0,1.0,1.0,1.0
320,train,2.316347360610962,10.138574035496386,0.32958984375,,,,2.316347360610962,0.0,0.0,1.0,1.0,1.0,8.0,1.0,0.0,0.0,0.00029864708913588306,0.6514461636543274,0.0,0.6514461636543274,1314816,0.23450241703540087,17466.770926210374,,1.0,1.0,1.0,1.0,1.0,1.0,1.0,1.0,1.0,1.0,1.0,1.0,1.0,1.0,1.0,1.0
340,train,2.2444214820861816,9.434955686415643,0.33544921875,,,,2.2444214820861816,0.0,0.0,1.0,1.0,1.0,8.0,1.0,0.0,0.0,0.0002983916476066029,0.8829153180122375,0.0,0.8829153180122375,1396736,0.23407412506639957,17498.730365169973,,1.0,1.0,1.0,1.0,1.0,1.0,1.0,1.0,1.0,1.0,1.0,1.0,1.0,1.0,1.0,1.0
360,train,2.3175480365753174,10.15075448857897,0.321044921875,,,,2.3175480365753174,0.0,0.0,1.0,1.0,1.0,8.0,1.0,0.0,0.0,0.0002981142734700209,0.8178082704544067,0.0,0.8178082704544067,1478656,0.2362972917035222,17334.096258450456,,1.0,1.0,1.0,1.0,1.0,1.0,1.0,1.0,1.0,1.0,1.0,1.0,1.0,1.0,1.0,1.0
380,train,2.251781463623047,9.504652956759346,0.3447265625,,,,2.251781463623047,0.0,0.0,1.0,1.0,1.0,8.0,1.0,0.0,0.0,0.0002978150123327258,0.7045944929122925,0.0,0.7045944929122925,1560576,0.32582595897838473,12571.128503213362,,1.0,1.0,1.0,1.0,1.0,1.0,1.0,1.0,1.0,1.0,1.0,1.0,1.0,1.0,1.0,1.0
400,train,2.247539520263672,9.464420150238835,0.33935546875,,,,2.247539520263672,0.0,0.0,1.0,1.0,1.0,8.0,1.0,0.0,0.0,0.0002974939134000249,0.7021855711936951,0.0,0.7021855711936951,1642496,0.246846083085984,16593.33601243832,,1.0,1.0,1.0,1.0,1.0,1.0,1.0,1.0,1.0,1.0,1.0,1.0,1.0,1.0,1.0,1.0
420,train,2.1727383136749268,8.782299836082295,0.369384765625,,,,2.1727383136749268,0.0,0.0,1.0,1.0,1.0,8.0,1.0,0.0,0.0,0.0002971510294678535,0.8405399322509766,0.0,0.8405399322509766,1724416,0.25951604126021266,15783.224729037096,,1.0,1.0,1.0,1.0,1.0,1.0,1.0,1.0,1.0,1.0,1.0,1.0,1.0,1.0,1.0,1.0
440,train,2.2292850017547607,9.293219068139694,0.35693359375,,,,2.2292850017547607,0.0,0.0,1.0,1.0,1.0,8.0,1.0,0.0,0.0,0.00029678641691409396,0.9024612903594971,0.0,0.9024612903594971,1806336,0.23077066708356142,17749.222861659666,,1.0,1.0,1.0,1.0,1.0,1.0,1.0,1.0,1.0,1.0,1.0,1.0,1.0,1.0,1.0,1.0
460,train,2.1851255893707275,8.891765194446206,0.3603515625,,,,2.1851255893707275,0.0,0.0,1.0,1.0,1.0,8.0,1.0,0.0,0.0,0.0002964001356893063,0.8033708930015564,0.0,0.8033708930015564,1888256,0.23931729095056653,17115.353360932335,,1.0,1.0,1.0,1.0,1.0,1.0,1.0,1.0,1.0,1.0,1.0,1.0,1.0,1.0,1.0,1.0
480,train,2.1618528366088867,8.687218752977529,0.35986328125,,,,2.1618528366088867,0.0,0.0,1.0,1.0,1.0,8.0,1.0,0.0,0.0,0.00029599224930687063,0.8521708846092224,0.0,0.8521708846092224,1970176,0.2511533750221133,16308.759536436088,,1.0,1.0,1.0,1.0,1.0,1.0,1.0,1.0,1.0,1.0,1.0,1.0,1.0,1.0,1.0,1.0
499,validation,,,,2.14606605052948,8.55115234046326,0.3645458984375,,0.0,,1.0,1.0,1.0,8.0,1.0,0.0,0.0,,,,,,,,3.8757645841687918,1.0,1.0,1.0,1.0,1.0,1.0,1.0,1.0,1.0,1.0,1.0,1.0,1.0,1.0,1.0,1.0
500,train,2.146458148956299,8.554505891261474,0.361083984375,,,,2.146458148956299,0.0,0.0,1.0,1.0,1.0,8.0,1.0,0.0,0.0,0.00029556282483254393,0.8802541494369507,0.0,0.8802541494369507,2052096,0.18459550011903048,22189.05659866479,,1.0,1.0,1.0,1.0,1.0,1.0,1.0,1.0,1.0,1.0,1.0,1.0,1.0,1.0,1.0,1.0
520,train,2.138899803161621,8.490091716593119,0.369873046875,,,,2.138899803161621,0.0,0.0,1.0,1.0,1.0,8.0,1.0,0.0,0.0,0.00029511193287343353,0.7319648265838623,0.0,0.7319648265838623,2134016,0.2637627082876861,15529.109579556223,,1.0,1.0,1.0,1.0,1.0,1.0,1.0,1.0,1.0,1.0,1.0,1.0,1.0,1.0,1.0,1.0
540,train,2.1355700492858887,8.461868814529453,0.36767578125,,,,2.1355700492858887,0.0,0.0,1.0,1.0,1.0,8.0,1.0,0.0,0.0,0.00029463964756638725,0.840220034122467,0.0,0.840220034122467,2215936,0.25907279131934047,15810.228388480804,,1.0,1.0,1.0,1.0,1.0,1.0,1.0,1.0,1.0,1.0,1.0,1.0,1.0,1.0,1.0,1.0
560,train,2.091351270675659,8.095847457662025,0.381591796875,,,,2.091351270675659,0.0,0.0,1.0,1.0,1.0,8.0,1.0,0.0,0.0,0.0002941460465658037,0.89799565076828,0.0,0.89799565076828,2297856,0.35317041631788015,11597.800412346229,,1.0,1.0,1.0,1.0,1.0,1.0,1.0,1.0,1.0,1.0,1.0,1.0,1.0,1.0,1.0,1.0
580,train,2.0728187561035156,7.947192773873138,0.395751953125,,,,2.0728187561035156,0.0,0.0,1.0,1.0,1.0,8.0,1.0,0.0,0.0,0.00029363121103086404,0.8783904314041138,0.0,0.8783904314041138,2379776,0.25972445914521813,15770.55935925476,,1.0,1.0,1.0,1.0,1.0,1.0,1.0,1.0,1.0,1.0,1.0,1.0,1.0,1.0,1.0,1.0
600,train,2.0430493354797363,7.714096238101521,0.400634765625,,,,2.0430493354797363,0.0,0.0,1.0,1.0,1.0,8.0,1.0,0.0,0.0,0.0002930952256121879,0.8133348226547241,0.0,0.8133348226547241,2461696,0.3468586658127606,11808.844361441097,,1.0,1.0,1.0,1.0,1.0,1.0,1.0,1.0,1.0,1.0,1.0,1.0,1.0,1.0,1.0,1.0
620,train,2.075929880142212,7.971955977076695,0.382568359375,,,,2.075929880142212,0.0,0.0,1.0,1.0,1.0,8.0,1.0,0.0,0.0,0.0002925381784379147,0.7448098063468933,0.0,0.7448098063468933,2543616,0.26633916702121496,15378.887175365151,,1.0,1.0,1.0,1.0,1.0,1.0,1.0,1.0,1.0,1.0,1.0,1.0,1.0,1.0,1.0,1.0
640,train,2.033118724822998,7.637869666430275,0.398193359375,,,,2.033118724822998,0.0,0.0,1.0,1.0,1.0,8.0,1.0,0.0,0.0,0.0002919601610992131,0.8083709478378296,0.0,0.8083709478378296,2625536,0.29189891600981355,14032.254918899027,,1.0,1.0,1.0,1.0,1.0,1.0,1.0,1.0,1.0,1.0,1.0,1.0,1.0,1.0,1.0,1.0
660,train,1.9812203645706177,7.251587167559991,0.415283203125,,,,1.9812203645706177,0.0,0.0,1.0,1.0,1.0,8.0,1.0,0.0,0.0,0.00029136126863522205,0.762333333492279,0.0,0.762333333492279,2707456,0.25261170882731676,16214.608653789643,,1.0,1.0,1.0,1.0,1.0,1.0,1.0,1.0,1.0,1.0,1.0,1.0,1.0,1.0,1.0,1.0
680,train,2.0185024738311768,7.527044543252689,0.3955078125,,,,2.0185024738311768,0.0,0.0,1.0,1.0,1.0,8.0,1.0,0.0,0.0,0.00029074159951742346,0.7969818115234375,0.0,0.7969818115234375,2789376,0.2506311251781881,16342.742734318885,,1.0,1.0,1.0,1.0,1.0,1.0,1.0,1.0,1.0,1.0,1.0,1.0,1.0,1.0,1.0,1.0
700,train,1.9612469673156738,7.10818521573447,0.4169921875,,,,1.9612469673156738,0.0,0.0,1.0,1.0,1.0,8.0,1.0,0.0,0.0,0.0002901012556334517,0.7539301514625549,0.0,0.7539301514625549,2871296,0.25622387463226914,15986.020061083507,,1.0,1.0,1.0,1.0,1.0,1.0,1.0,1.0,1.0,1.0,1.0,1.0,1.0,1.0,1.0,1.0
720,train,1.9715367555618286,7.181704536859262,0.40966796875,,,,1.9715367555618286,0.0,0.0,1.0,1.0,1.0,8.0,1.0,0.0,0.0,0.00028944034227034083,0.8665963411331177,0.0,0.8665963411331177,2953216,0.2507210420444608,16336.881685716868,,1.0,1.0,1.0,1.0,1.0,1.0,1.0,1.0,1.0,1.0,1.0,1.0,1.0,1.0,1.0,1.0
740,train,2.0176355838775635,7.520522251420833,0.408447265625,,,,2.0176355838775635,0.0,0.0,1.0,1.0,1.0,8.0,1.0,0.0,0.0,0.00028875896809721314,0.7995144128799438,0.0,0.7995144128799438,3035136,0.23797787493094802,17211.68407436406,,1.0,1.0,1.0,1.0,1.0,1.0,1.0,1.0,1.0,1.0,1.0,1.0,1.0,1.0,1.0,1.0
749,validation,,,,1.9950955700874329,7.352905712154259,0.4079248046875,,0.0,,1.0,1.0,1.0,8.0,1.0,0.0,0.0,,,,,,,,3.78156862501055,1.0,1.0,1.0,1.0,1.0,1.0,1.0,1.0,1.0,1.0,1.0,1.0,1.0,1.0,1.0,1.0
760,train,1.9284181594848633,6.878620750141742,0.4248046875,,,,1.9284181594848633,0.0,0.0,1.0,1.0,1.0,8.0,1.0,0.0,0.0,0.00028805724514741114,0.8289201259613037,0.0,0.8289201259613037,3117056,0.27219858299940825,15047.837335761975,,1.0,1.0,1.0,1.0,1.0,1.0,1.0,1.0,1.0,1.0,1.0,1.0,1.0,1.0,1.0,1.0
780,train,1.9410220384597778,6.96586671742532,0.421630859375,,,,1.9410220384597778,0.0,0.0,1.0,1.0,1.0,8.0,1.0,0.0,0.0,0.0002873352888000772,0.8853018879890442,0.0,0.8853018879890442,3198976,0.25941595807671547,15789.313927976302,,1.0,1.0,1.0,1.0,1.0,1.0,1.0,1.0,1.0,1.0,1.0,1.0,1.0,1.0,1.0,1.0
800,train,1.9664838314056396,7.145507456089673,0.40966796875,,,,1.9664838314056396,0.0,0.0,1.0,1.0,1.0,8.0,1.0,0.0,0.0,0.00028659321776118243,0.8623195886611938,0.0,0.8623195886611938,3280896,0.2634813329204917,15545.693330904818,,1.0,1.0,1.0,1.0,1.0,1.0,1.0,1.0,1.0,1.0,1.0,1.0,1.0,1.0,1.0,1.0
820,train,1.8955636024475098,6.656298853977838,0.43115234375,,,,1.8955636024475098,0.0,0.0,1.0,1.0,1.0,8.0,1.0,0.0,0.0,0.0002858311540440085,0.83562171459198,0.0,0.83562171459198,3362816,0.23227433301508427,17634.320360889807,,1.0,1.0,1.0,1.0,1.0,1.0,1.0,1.0,1.0,1.0,1.0,1.0,1.0,1.0,1.0,1.0
840,train,1.8869190216064453,6.599005933857524,0.443115234375,,,,1.8869190216064453,0.0,0.0,1.0,1.0,1.0,8.0,1.0,0.0,0.0,0.0002850492229490863,0.7405405640602112,0.0,0.7405405640602112,3444736,0.2626609168946743,15594.249987494239,,1.0,1.0,1.0,1.0,1.0,1.0,1.0,1.0,1.0,1.0,1.0,1.0,1.0,1.0,1.0,1.0
860,train,1.8583672046661377,6.413256682251483,0.44677734375,,,,1.8583672046661377,0.0,0.0,1.0,1.0,1.0,8.0,1.0,0.0,0.0,0.00028424755304359324,0.7220291495323181,0.0,0.7220291495323181,3526656,0.257450417149812,15909.859635677003,,1.0,1.0,1.0,1.0,1.0,1.0,1.0,1.0,1.0,1.0,1.0,1.0,1.0,1.0,1.0,1.0
880,train,1.9309804439544678,6.896268332670308,0.42236328125,,,,1.9309804439544678,0.0,0.0,1.0,1.0,1.0,8.0,1.0,0.0,0.0,0.00028342627614021435,0.8516234755516052,0.0,0.8516234755516052,3608576,0.25413858285173774,16117.190684066933,,1.0,1.0,1.0,1.0,1.0,1.0,1.0,1.0,1.0,1.0,1.0,1.0,1.0,1.0,1.0,1.0
900,train,1.8182597160339355,6.161127004172281,0.446533203125,,,,1.8182597160339355,0.0,0.0,1.0,1.0,1.0,8.0,1.0,0.0,0.0,0.0002825855272754691,0.8460057973861694,0.0,0.8460057973861694,3690496,0.2445760420523584,16747.347637276493,,1.0,1.0,1.0,1.0,1.0,1.0,1.0,1.0,1.0,1.0,1.0,1.0,1.0,1.0,1.0,1.0
920,train,1.8203572034835815,6.174063453015978,0.455810546875,,,,1.8203572034835815,0.0,0.0,1.0,1.0,1.0,8.0,1.0,0.0,0.0,0.0002817254446875081,0.8014209866523743,0.0,0.8014209866523743,3772416,0.2823646659962833,14506.064296493509,,1.0,1.0,1.0,1.0,1.0,1.0,1.0,1.0,1.0,1.0,1.0,1.0,1.0,1.0,1.0,1.0
940,train,1.7958154678344727,6.024385411806045,0.470947265625,,,,1.7958154678344727,0.0,0.0,1.0,1.0,1.0,8.0,1.0,0.0,0.0,0.00028084616979338407,0.8969221115112305,0.0,0.8969221115112305,3854336,0.251891459338367,16260.972129657734,,1.0,1.0,1.0,1.0,1.0,1.0,1.0,1.0,1.0,1.0,1.0,1.0,1.0,1.0,1.0,1.0
960,train,1.7911368608474731,5.996265512398785,0.46533203125,,,,1.7911368608474731,0.0,0.0,1.0,1.0,1.0,8.0,1.0,0.0,0.0,0.00027994784716579927,0.7931190133094788,0.0,0.7931190133094788,3936256,0.24755545798689127,16545.787490643386,,1.0,1.0,1.0,1.0,1.0,1.0,1.0,1.0,1.0,1.0,1.0,1.0,1.0,1.0,1.0,1.0
980,train,1.8315260410308838,6.243407087782746,0.4443359375,,,,1.8315260410308838,0.0,0.0,1.0,1.0,1.0,8.0,1.0,0.0,0.0,0.00027903062450933475,0.8573089838027954,0.0,0.8573089838027954,4018176,0.2467901660129428,16597.09568729407,,1.0,1.0,1.0,1.0,1.0,1.0,1.0,1.0,1.0,1.0,1.0,1.0,1.0,1.0,1.0,1.0
999,validation,,,,1.9096820950508118,6.750942299389354,0.4373876953125,,0.0,,1.0,1.0,1.0,8.0,1.0,0.0,0.0,,,,,,,,4.143311582971364,1.0,1.0,1.0,1.0,1.0,1.0,1.0,1.0,1.0,1.0,1.0,1.0,1.0,1.0,1.0,1.0
1000,train,1.8375368118286133,6.281047788268152,0.44482421875,,,,1.8375368118286133,0.0,0.0,1.0,1.0,1.0,8.0,1.0,0.0,0.0,0.0002780946526361643,0.8198110461235046,0.0,0.8198110461235046,4100096,0.2130556250922382,19225.026319895183,,1.0,1.0,1.0,1.0,1.0,1.0,1.0,1.0,1.0,1.0,1.0,1.0,1.0,1.0,1.0,1.0
1020,train,1.802064299583435,6.0621486478081925,0.450927734375,,,,1.802064299583435,0.0,0.0,1.0,1.0,1.0,8.0,1.0,0.0,0.0,0.0002771400854412573,0.8556956648826599,0.0,0.8556956648826599,4182016,0.28121725004166365,14565.25159602819,,1.0,1.0,1.0,1.0,1.0,1.0,1.0,1.0,1.0,1.0,1.0,1.0,1.0,1.0,1.0,1.0
1040,train,1.776121735572815,5.906903405082061,0.46337890625,,,,1.776121735572815,0.0,0.0,1.0,1.0,1.0,8.0,1.0,0.0,0.0,0.00027616707987707535,0.8459246754646301,0.0,0.8459246754646301,4263936,0.2577533330768347,15891.162108770899,,1.0,1.0,1.0,1.0,1.0,1.0,1.0,1.0,1.0,1.0,1.0,1.0,1.0,1.0,1.0,1.0
1060,train,1.804276943206787,6.075576872817314,0.45263671875,,,,1.804276943206787,0.0,0.0,1.0,1.0,1.0,8.0,1.0,0.0,0.0,0.00027517579592776516,0.8540427684783936,0.0,0.8540427684783936,4345856,0.2682135831564665,15271.411506443117,,1.0,1.0,1.0,1.0,1.0,1.0,1.0,1.0,1.0,1.0,1.0,1.0,1.0,1.0,1.0,1.0
1080,train,1.817460060119629,6.156202191864675,0.455078125,,,,1.817460060119629,0.0,0.0,1.0,1.0,1.0,8.0,1.0,0.0,0.0,0.00027416639658285407,0.7557222247123718,0.0,0.7557222247123718,4427776,0.290115290787071,14118.52504874086,,1.0,1.0,1.0,1.0,1.0,1.0,1.0,1.0,1.0,1.0,1.0,1.0,1.0,1.0,1.0,1.0
1100,train,1.8225798606872559,6.187801541500687,0.4375,,,,1.8225798606872559,0.0,0.0,1.0,1.0,1.0,8.0,1.0,0.0,0.0,0.00027313904781045063,0.8287198543548584,0.0,0.8287198543548584,4509696,0.2577839163132012,15889.276796553357,,1.0,1.0,1.0,1.0,1.0,1.0,1.0,1.0,1.0,1.0,1.0,1.0,1.0,1.0,1.0,1.0
1120,train,1.7799766063690186,5.929717699340896,0.471923828125,,,,1.7799766063690186,0.0,0.0,1.0,1.0,1.0,8.0,1.0,0.0,0.0,0.00027209391852995554,0.8720525503158569,0.0,0.8720525503158569,4591616,0.25652920780703425,15966.992745251382,,1.0,1.0,1.0,1.0,1.0,1.0,1.0,1.0,1.0,1.0,1.0,1.0,1.0,1.0,1.0,1.0
1140,train,1.7739546298980713,5.894116381612665,0.4775390625,,,,1.7739546298980713,0.0,0.0,1.0,1.0,1.0,8.0,1.0,0.0,0.0,0.00027103118058428784,0.8636191487312317,0.0,0.8636191487312317,4673536,0.24990320904180408,16390.345749080865,,1.0,1.0,1.0,1.0,1.0,1.0,1.0,1.0,1.0,1.0,1.0,1.0,1.0,1.0,1.0,1.0
1160,train,1.814810872077942,6.139914838292591,0.456298828125,,,,1.814810872077942,0.0,0.0,1.0,1.0,1.0,8.0,1.0,0.0,0.0,0.00026995100871162977,0.7695881128311157,0.0,0.7695881128311157,4755456,0.2593487920239568,15793.403038567618,,1.0,1.0,1.0,1.0,1.0,1.0,1.0,1.0,1.0,1.0,1.0,1.0,1.0,1.0,1.0,1.0
1180,train,1.7193353176116943,5.580817759915393,0.482666015625,,,,1.7193353176116943,0.0,0.0,1.0,1.0,1.0,8.0,1.0,0.0,0.0,0.0002688535805166958,0.8639994859695435,0.0,0.8639994859695435,4837376,0.25346491718664765,16160.027373665163,,1.0,1.0,1.0,1.0,1.0,1.0,1.0,1.0,1.0,1.0,1.0,1.0,1.0,1.0,1.0,1.0
1200,train,1.7144310474395752,5.553514926798094,0.48974609375,,,,1.7144310474395752,0.0,0.0,1.0,1.0,1.0,8.0,1.0,0.0,0.0,0.00026773907644153075,0.8489439487457275,0.0,0.8489439487457275,4919296,0.2643183749169111,15496.463313561093,,1.0,1.0,1.0,1.0,1.0,1.0,1.0,1.0,1.0,1.0,1.0,1.0,1.0,1.0,1.0,1.0
1220,train,1.7503424882888794,5.7565738975702985,0.48046875,,,,1.7503424882888794,0.0,0.0,1.0,1.0,1.0,8.0,1.0,0.0,0.0,0.00026660767973584067,0.8278300166130066,0.0,0.8278300166130066,5001216,0.23979579098522663,17081.20056307555,,1.0,1.0,1.0,1.0,1.0,1.0,1.0,1.0,1.0,1.0,1.0,1.0,1.0,1.0,1.0,1.0
1240,train,1.6524213552474976,5.219603051595889,0.483642578125,,,,1.6524213552474976,0.0,0.0,1.0,1.0,1.0,8.0,1.0,0.0,0.0,0.00026545957642686263,0.8295773267745972,0.0,0.8295773267745972,5083136,0.31778424978256226,12889.247981303695,,1.0,1.0,1.0,1.0,1.0,1.0,1.0,1.0,1.0,1.0,1.0,1.0,1.0,1.0,1.0,1.0
1249,validation,,,,1.8206032466888429,6.175582726273212,0.4592333984375,,0.0,,1.0,1.0,1.0,8.0,1.0,0.0,0.0,,,,,,,,3.8400002499110997,1.0,1.0,1.0,1.0,1.0,1.0,1.0,1.0,1.0,1.0,1.0,1.0,1.0,1.0,1.0,1.0
1260,train,1.6934607028961182,5.43826840828141,0.495361328125,,,,1.6934607028961182,0.0,0.0,1.0,1.0,1.0,8.0,1.0,0.0,0.0,0.0002642949552887775,0.9036276936531067,0.0,0.9036276936531067,5165056,0.2802277500741184,14616.682319708292,,1.0,1.0,1.0,1.0,1.0,1.0,1.0,1.0,1.0,1.0,1.0,1.0,1.0,1.0,1.0,1.0
1280,train,1.6871694326400757,5.404162190211492,0.4794921875,,,,1.6871694326400757,0.0,0.0,1.0,1.0,1.0,8.0,1.0,0.0,0.0,0.0002631140078116713,0.8292638063430786,0.0,0.8292638063430786,5246976,0.25984483305364847,15763.253599713971,,1.0,1.0,1.0,1.0,1.0,1.0,1.0,1.0,1.0,1.0,1.0,1.0,1.0,1.0,1.0,1.0
1300,train,1.734008550643921,5.663310134261832,0.480712890625,,,,1.734008550643921,0.0,0.0,1.0,1.0,1.0,8.0,1.0,0.0,0.0,0.0002619169281700499,0.8195297122001648,0.0,0.8195297122001648,5328896,0.2427611667662859,16872.550311736442,,1.0,1.0,1.0,1.0,1.0,1.0,1.0,1.0,1.0,1.0,1.0,1.0,1.0,1.0,1.0,1.0
1320,train,1.6474409103393555,5.193671734504936,0.492919921875,,,,1.6474409103393555,0.0,0.0,1.0,1.0,1.0,8.0,1.0,0.0,0.0,0.00026070391319091236,0.7467190027236938,0.0,0.7467190027236938,5410816,0.2615890000015497,15658.150763127403,,1.0,1.0,1.0,1.0,1.0,1.0,1.0,1.0,1.0,1.0,1.0,1.0,1.0,1.0,1.0,1.0
1340,train,1.669236421585083,5.308113088755747,0.4931640625,,,,1.669236421585083,0.0,0.0,1.0,1.0,1.0,8.0,1.0,0.0,0.0,0.00025947516232138784,0.9192070960998535,0.0,0.9192070960998535,5492736,0.24077016580849886,17012.074507843434,,1.0,1.0,1.0,1.0,1.0,1.0,1.0,1.0,1.0,1.0,1.0,1.0,1.0,1.0,1.0,1.0
1360,train,1.6821739673614502,5.377233203040746,0.503173828125,,,,1.6821739673614502,0.0,0.0,1.0,1.0,1.0,8.0,1.0,0.0,0.0,0.00025823087759594256,0.8191846013069153,0.0,0.8191846013069153,5574656,0.26301258290186524,15573.39939712425,,1.0,1.0,1.0,1.0,1.0,1.0,1.0,1.0,1.0,1.0,1.0,1.0,1.0,1.0,1.0,1.0
1380,train,1.647538423538208,5.194178210743215,0.49755859375,,,,1.647538423538208,0.0,0.0,1.0,1.0,1.0,8.0,1.0,0.0,0.0,0.0002569712636031599,0.8578347563743591,0.0,0.8578347563743591,5656576,0.2542150830850005,16112.340582995395,,1.0,1.0,1.0,1.0,1.0,1.0,1.0,1.0,1.0,1.0,1.0,1.0,1.0,1.0,1.0,1.0
1400,train,1.7182461023330688,5.574742357255419,0.486083984375,,,,1.7182461023330688,0.0,0.0,1.0,1.0,1.0,8.0,1.0,0.0,0.0,0.0002556965274521024,0.7701103687286377,0.0,0.7701103687286377,5738496,0.2664012499153614,15375.303236382502,,1.0,1.0,1.0,1.0,1.0,1.0,1.0,1.0,1.0,1.0,1.0,1.0,1.0,1.0,1.0,1.0
1420,train,1.6560090780258179,5.238363173292888,0.49658203125,,,,1.6560090780258179,0.0,0.0,1.0,1.0,1.0,8.0,1.0,0.0,0.0,0.0002544068787382575,0.8227721452713013,0.0,0.8227721452713013,5820416,0.2469916669651866,16583.555430545475,,1.0,1.0,1.0,1.0,1.0,1.0,1.0,1.0,1.0,1.0,1.0,1.0,1.0,1.0,1.0,1.0
1440,train,1.6722105741500854,5.323923726884441,0.49462890625,,,,1.6722105741500854,0.0,0.0,1.0,1.0,1.0,8.0,1.0,0.0,0.0,0.00025310252950907575,0.8182465434074402,0.0,0.8182465434074402,5902336,0.2558289160951972,16010.699894752423,,1.0,1.0,1.0,1.0,1.0,1.0,1.0,1.0,1.0,1.0,1.0,1.0,1.0,1.0,1.0,1.0
1460,train,1.634160041809082,5.125151275753703,0.5107421875,,,,1.634160041809082,0.0,0.0,1.0,1.0,1.0,8.0,1.0,0.0,0.0,0.0002517836942291053,0.7988690733909607,0.0,0.7988690733909607,5984256,0.26483750017359853,15466.087685146967,,1.0,1.0,1.0,1.0,1.0,1.0,1.0,1.0,1.0,1.0,1.0,1.0,1.0,1.0,1.0,1.0
1480,train,1.6940547227859497,5.44149980754487,0.492919921875,,,,1.6940547227859497,0.0,0.0,1.0,1.0,1.0,8.0,1.0,0.0,0.0,0.000250450589744729,0.7945095300674438,0.0,0.7945095300674438,6066176,0.2627892908640206,15586.632113252519,,1.0,1.0,1.0,1.0,1.0,1.0,1.0,1.0,1.0,1.0,1.0,1.0,1.0,1.0,1.0,1.0
1499,validation,,,,1.7658979511260986,5.846820160345483,0.476181640625,,0.0,,1.0,1.0,1.0,8.0,1.0,0.0,0.0,,,,,,,,4.207835542038083,1.0,1.0,1.0,1.0,1.0,1.0,1.0,1.0,1.0,1.0,1.0,1.0,1.0,1.0,1.0,1.0
1500,train,1.6437420845031738,5.174496731668249,0.498291015625,,,,1.6437420845031738,0.0,0.0,1.0,1.0,1.0,8.0,1.0,0.0,0.0,0.00024910343524851006,0.8039533495903015,0.0,0.8039533495903015,6148096,0.1953192912042141,20970.790825354106,,1.0,1.0,1.0,1.0,1.0,1.0,1.0,1.0,1.0,1.0,1.0,1.0,1.0,1.0,1.0,1.0
1520,train,1.6314418315887451,5.111238954048825,0.51171875,,,,1.6314418315887451,0.0,0.0,1.0,1.0,1.0,8.0,1.0,0.0,0.0,0.0002477424522431518,0.804095983505249,0.0,0.804095983505249,6230016,0.2766922921873629,14803.448146746288,,1.0,1.0,1.0,1.0,1.0,1.0,1.0,1.0,1.0,1.0,1.0,1.0,1.0,1.0,1.0,1.0
1540,train,1.6956794261932373,5.450347816571838,0.47998046875,,,,1.6956794261932373,0.0,0.0,1.0,1.0,1.0,8.0,1.0,0.0,0.0,0.00024636786450507755,0.7892898917198181,0.0,0.7892898917198181,6311936,0.26301758317276835,15573.103328644993,,1.0,1.0,1.0,1.0,1.0,1.0,1.0,1.0,1.0,1.0,1.0,1.0,1.0,1.0,1.0,1.0
1560,train,1.7046482563018799,5.499450929757928,0.485107421875,,,,1.7046482563018799,0.0,0.0,1.0,1.0,1.0,8.0,1.0,0.0,0.0,0.0002449798980476366,0.7912077307701111,0.0,0.7912077307701111,6393856,0.26308133266866207,15569.32967630474,,1.0,1.0,1.0,1.0,1.0,1.0,1.0,1.0,1.0,1.0,1.0,1.0,1.0,1.0,1.0,1.0
1580,train,1.629098653793335,5.099276433054781,0.50341796875,,,,1.629098653793335,0.0,0.0,1.0,1.0,1.0,8.0,1.0,0.0,0.0,0.00024357878108394293,0.9025918841362,0.0,0.9025918841362,6475776,0.26092424988746643,15698.04263791716,,1.0,1.0,1.0,1.0,1.0,1.0,1.0,1.0,1.0,1.0,1.0,1.0,1.0,1.0,1.0,1.0
1600,train,1.6549025774002075,5.232570126760328,0.496337890625,,,,1.6549025774002075,0.0,0.0,1.0,1.0,1.0,8.0,1.0,0.0,0.0,0.00024216474398935134,0.8165398836135864,0.0,0.8165398836135864,6557696,0.2556020407937467,16024.911175514402,,1.0,1.0,1.0,1.0,1.0,1.0,1.0,1.0,1.0,1.0,1.0,1.0,1.0,1.0,1.0,1.0
1620,train,1.6056866645812988,4.981278896439151,0.512939453125,,,,1.6056866645812988,0.0,0.0,1.0,1.0,1.0,8.0,1.0,0.0,0.0,0.00024073801926357869,0.8281183242797852,0.0,0.8281183242797852,6639616,0.2575072501786053,15906.348256831765,,1.0,1.0,1.0,1.0,1.0,1.0,1.0,1.0,1.0,1.0,1.0,1.0,1.0,1.0,1.0,1.0
1640,train,1.6645324230194092,5.283202368330906,0.496337890625,,,,1.6645324230194092,0.0,0.0,1.0,1.0,1.0,8.0,1.0,0.0,0.0,0.00023929884149247573,0.7852761745452881,0.0,0.7852761745452881,6721536,0.2558983750641346,16006.354080886364,,1.0,1.0,1.0,1.0,1.0,1.0,1.0,1.0,1.0,1.0,1.0,1.0,1.0,1.0,1.0,1.0
1660,train,1.6889097690582275,5.4135754392148625,0.490966796875,,,,1.6889097690582275,0.0,0.0,1.0,1.0,1.0,8.0,1.0,0.0,0.0,0.00023784744730945588,0.779781699180603,0.0,0.779781699180603,6803456,0.24929787497967482,16430.144060930907,,1.0,1.0,1.0,1.0,1.0,1.0,1.0,1.0,1.0,1.0,1.0,1.0,1.0,1.0,1.0,1.0
1680,train,1.6166481971740723,5.036181707153636,0.510986328125,,,,1.6166481971740723,0.0,0.0,1.0,1.0,1.0,8.0,1.0,0.0,0.0,0.0002363840753565873,0.9143048524856567,0.0,0.9143048524856567,6885376,0.2629909999668598,15574.67746240802,,1.0,1.0,1.0,1.0,1.0,1.0,1.0,1.0,1.0,1.0,1.0,1.0,1.0,1.0,1.0,1.0
1700,train,1.5920523405075073,4.913823425503964,0.50927734375,,,,1.5920523405075073,0.0,0.0,1.0,1.0,1.0,8.0,1.0,0.0,0.0,0.00023490896624535468,0.8882160186767578,0.0,0.8882160186767578,6967296,0.2788341250270605,14689.737131717606,,1.0,1.0,1.0,1.0,1.0,1.0,1.0,1.0,1.0,1.0,1.0,1.0,1.0,1.0,1.0,1.0
1720,train,1.693800926208496,5.440118948753531,0.48291015625,,,,1.693800926208496,0.0,0.0,1.0,1.0,1.0,8.0,1.0,0.0,0.0,0.00023342236251709726,0.8089948296546936,0.0,0.8089948296546936,7049216,0.2731640418060124,14994.652930596103,,1.0,1.0,1.0,1.0,1.0,1.0,1.0,1.0,1.0,1.0,1.0,1.0,1.0,1.0,1.0,1.0
1740,train,1.5715551376342773,4.81412900861673,0.525146484375,,,,1.5715551376342773,0.0,0.0,1.0,1.0,1.0,8.0,1.0,0.0,0.0,0.00023192450860312982,0.800865113735199,0.0,0.800865113735199,7131136,0.2538564163260162,16135.10526651292,,1.0,1.0,1.0,1.0,1.0,1.0,1.0,1.0,1.0,1.0,1.0,1.0,1.0,1.0,1.0,1.0
1749,validation,,,,1.7051138520240783,5.502012046761557,0.491806640625,,0.0,,1.0,1.0,1.0,8.0,1.0,0.0,0.0,,,,,,,,4.019984582904726,1.0,1.0,1.0,1.0,1.0,1.0,1.0,1.0,1.0,1.0,1.0,1.0,1.0,1.0,1.0,1.0
1760,train,1.6078053712844849,4.991843953604054,0.509033203125,,,,1.6078053712844849,0.0,0.0,1.0,1.0,1.0,8.0,1.0,0.0,0.0,0.00023041565078455215,0.8050033450126648,0.0,0.8050033450126648,7213056,0.26395137468352914,15518.009727780345,,1.0,1.0,1.0,1.0,1.0,1.0,1.0,1.0,1.0,1.0,1.0,1.0,1.0,1.0,1.0,1.0
1780,train,1.6079453229904175,4.992542619569717,0.517333984375,,,,1.6079453229904175,0.0,0.0,1.0,1.0,1.0,8.0,1.0,0.0,0.0,0.0002288960371517553,0.7961609959602356,0.0,0.7961609959602356,7294976,0.2570298337377608,15935.893279139791,,1.0,1.0,1.0,1.0,1.0,1.0,1.0,1.0,1.0,1.0,1.0,1.0,1.0,1.0,1.0,1.0
1800,train,1.5246095657348633,4.593349817997782,0.526611328125,,,,1.5246095657348633,0.0,0.0,1.0,1.0,1.0,8.0,1.0,0.0,0.0,0.00022736591756362958,0.787211000919342,0.0,0.787211000919342,7376896,0.2624958329834044,15604.057228058773,,1.0,1.0,1.0,1.0,1.0,1.0,1.0,1.0,1.0,1.0,1.0,1.0,1.0,1.0,1.0,1.0
1820,train,1.5645978450775146,4.780751946322929,0.525634765625,,,,1.5645978450775146,0.0,0.0,1.0,1.0,1.0,8.0,1.0,0.0,0.0,0.00022582554360648242,0.7713068723678589,0.0,0.7713068723678589,7458816,0.30057420767843723,13627.250427228993,,1.0,1.0,1.0,1.0,1.0,1.0,1.0,1.0,1.0,1.0,1.0,1.0,1.0,1.0,1.0,1.0
1840,train,1.5368425846099854,4.64988544871084,0.53466796875,,,,1.5368425846099854,0.0,0.0,1.0,1.0,1.0,8.0,1.0,0.0,0.0,0.00022427516855267162,0.7967618703842163,0.0,0.7967618703842163,7540736,0.2540636248886585,16121.945838547495,,1.0,1.0,1.0,1.0,1.0,1.0,1.0,1.0,1.0,1.0,1.0,1.0,1.0,1.0,1.0,1.0
1860,train,1.5522024631500244,4.721858457747624,0.526123046875,,,,1.5522024631500244,0.0,0.0,1.0,1.0,1.0,8.0,1.0,0.0,0.0,0.00022271504731896164,0.809465765953064,0.0,0.809465765953064,7622656,0.35743875009939075,11459.305961821574,,1.0,1.0,1.0,1.0,1.0,1.0,1.0,1.0,1.0,1.0,1.0,1.0,1.0,1.0,1.0,1.0
1880,train,1.5654667615890503,4.784907825921367,0.526611328125,,,,1.5654667615890503,0.0,0.0,1.0,1.0,1.0,8.0,1.0,0.0,0.0,0.00022114543642460973,0.7880343198776245,0.0,0.7880343198776245,7704576,0.25823187502101064,15861.71342971016,,1.0,1.0,1.0,1.0,1.0,1.0,1.0,1.0,1.0,1.0,1.0,1.0,1.0,1.0,1.0,1.0
1900,train,1.5621132850646973,4.768888624875667,0.52294921875,,,,1.5621132850646973,0.0,0.0,1.0,1.0,1.0,8.0,1.0,0.0,0.0,0.00021956659394918823,0.83216792345047,0.0,0.83216792345047,7786496,0.26049733301624656,15723.76942432859,,1.0,1.0,1.0,1.0,1.0,1.0,1.0,1.0,1.0,1.0,1.0,1.0,1.0,1.0,1.0,1.0
1920,train,1.592429757118225,4.915678334101523,0.5185546875,,,,1.592429757118225,0.0,0.0,1.0,1.0,1.0,8.0,1.0,0.0,0.0,0.00021797877949015037,0.7931985855102539,0.0,0.7931985855102539,7868416,0.2525856248103082,16216.283104298178,,1.0,1.0,1.0,1.0,1.0,1.0,1.0,1.0,1.0,1.0,1.0,1.0,1.0,1.0,1.0,1.0
1940,train,1.6180930137634277,5.043463325065623,0.508056640625,,,,1.6180930137634277,0.0,0.0,1.0,1.0,1.0,8.0,1.0,0.0,0.0,0.00021638225412014663,0.8038288354873657,0.0,0.8038288354873657,7950336,0.2528402921743691,16199.949639257771,,1.0,1.0,1.0,1.0,1.0,1.0,1.0,1.0,1.0,1.0,1.0,1.0,1.0,1.0,1.0,1.0
1960,train,1.497732400894165,4.471537909940433,0.54736328125,,,,1.497732400894165,0.0,0.0,1.0,1.0,1.0,8.0,1.0,0.0,0.0,0.00021477728034409866,0.771807074546814,0.0,0.771807074546814,8032256,0.27195875020697713,15061.107601364894,,1.0,1.0,1.0,1.0,1.0,1.0,1.0,1.0,1.0,1.0,1.0,1.0,1.0,1.0,1.0,1.0
1980,train,1.4935250282287598,4.452764005666265,0.537109375,,,,1.4935250282287598,0.0,0.0,1.0,1.0,1.0,8.0,1.0,0.0,0.0,0.00021316412205603713,0.7521839737892151,0.0,0.7521839737892151,8114176,0.2720571248792112,15055.66157040936,,1.0,1.0,1.0,1.0,1.0,1.0,1.0,1.0,1.0,1.0,1.0,1.0,1.0,1.0,1.0,1.0
1999,validation,,,,1.6821220588684083,5.376954086212772,0.4999365234375,,0.0,,1.0,1.0,1.0,8.0,1.0,0.0,0.0,,,,,,,,3.813499709125608,1.0,1.0,1.0,1.0,1.0,1.0,1.0,1.0,1.0,1.0,1.0,1.0,1.0,1.0,1.0,1.0
2000,train,1.5260684490203857,4.60005586975583,0.535888671875,,,,1.5260684490203857,0.0,0.0,1.0,1.0,1.0,8.0,1.0,0.0,0.0,0.00021154304449571196,0.802438497543335,0.0,0.802438497543335,8196096,0.18626941600814462,21989.653952750366,,1.0,1.0,1.0,1.0,1.0,1.0,1.0,1.0,1.0,1.0,1.0,1.0,1.0,1.0,1.0,1.0
2020,train,1.577294111251831,4.841836598504732,0.5185546875,,,,1.577294111251831,0.0,0.0,1.0,1.0,1.0,8.0,1.0,0.0,0.0,0.0002099143142049807,0.8008051514625549,0.0,0.8008051514625549,8278016,0.2507236669771373,16336.710647956106,,1.0,1.0,1.0,1.0,1.0,1.0,1.0,1.0,1.0,1.0,1.0,1.0,1.0,1.0,1.0,1.0
2040,train,1.5883474349975586,4.895651856778181,0.516357421875,,,,1.5883474349975586,0.0,0.0,1.0,1.0,1.0,8.0,1.0,0.0,0.0,0.00020827819898398313,0.8604140877723694,0.0,0.8604140877723694,8359936,0.25025695795193315,16367.17729457384,,1.0,1.0,1.0,1.0,1.0,1.0,1.0,1.0,1.0,1.0,1.0,1.0,1.0,1.0,1.0,1.0
2060,train,1.5027477741241455,4.494020674069924,0.539306640625,,,,1.5027477741241455,0.0,0.0,1.0,1.0,1.0,8.0,1.0,0.0,0.0,0.0002066349678471086,0.7644500732421875,0.0,0.7644500732421875,8441856,0.2531085410155356,16182.780650411125,,1.0,1.0,1.0,1.0,1.0,1.0,1.0,1.0,1.0,1.0,1.0,1.0,1.0,1.0,1.0,1.0
2080,train,1.5206804275512695,4.575337321803833,0.544189453125,,,,1.5206804275512695,0.0,0.0,1.0,1.0,1.0,8.0,1.0,0.0,0.0,0.00020498489097876447,0.8491024374961853,0.0,0.8491024374961853,8523776,0.25472212489694357,16080.267867022447,,1.0,1.0,1.0,1.0,1.0,1.0,1.0,1.0,1.0,1.0,1.0,1.0,1.0,1.0,1.0,1.0
2100,train,1.507299542427063,4.5145230405393875,0.53466796875,,,,1.507299542427063,0.0,0.0,1.0,1.0,1.0,8.0,1.0,0.0,0.0,0.00020332823968895105,0.8175600171089172,0.0,0.8175600171089172,8605696,0.258517290931195,15844.201311432433,,1.0,1.0,1.0,1.0,1.0,1.0,1.0,1.0,1.0,1.0,1.0,1.0,1.0,1.0,1.0,1.0
2120,train,1.5321600437164307,4.628163067606559,0.536865234375,,,,1.5321600437164307,0.0,0.0,1.0,1.0,1.0,8.0,1.0,0.0,0.0,0.00020166528636865257,0.7618951201438904,0.0,0.7618951201438904,8687616,0.25890604220330715,15820.411007571609,,1.0,1.0,1.0,1.0,1.0,1.0,1.0,1.0,1.0,1.0,1.0,1.0,1.0,1.0,1.0,1.0
2140,train,1.5330084562301636,4.6320913252245415,0.53515625,,,,1.5330084562301636,0.0,0.0,1.0,1.0,1.0,8.0,1.0,0.0,0.0,0.0001999963044450498,0.7775295376777649,0.0,0.7775295376777649,8769536,0.24278800003230572,16870.685534107866,,1.0,1.0,1.0,1.0,1.0,1.0,1.0,1.0,1.0,1.0,1.0,1.0,1.0,1.0,1.0,1.0
2160,train,1.5043686628341675,4.501310888159866,0.542724609375,,,,1.5043686628341675,0.0,0.0,1.0,1.0,1.0,8.0,1.0,0.0,0.0,0.00019832156833656225,0.8065956234931946,0.0,0.8065956234931946,8851456,0.26139862509444356,15669.554491803894,,1.0,1.0,1.0,1.0,1.0,1.0,1.0,1.0,1.0,1.0,1.0,1.0,1.0,1.0,1.0,1.0
2180,train,1.5065439939498901,4.5111133877721254,0.54052734375,,,,1.5065439939498901,0.0,0.0,1.0,1.0,1.0,8.0,1.0,0.0,0.0,0.00019664135340772784,0.7909064888954163,0.0,0.7909064888954163,8933376,0.4870022078976035,8410.639487000477,,1.0,1.0,1.0,1.0,1.0,1.0,1.0,1.0,1.0,1.0,1.0,1.0,1.0,1.0,1.0,1.0
2200,train,1.4626743793487549,4.317490710088671,0.545654296875,,,,1.4626743793487549,0.0,0.0,1.0,1.0,1.0,8.0,1.0,0.0,0.0,0.00019495593592392662,0.8276054859161377,0.0,0.8276054859161377,9015296,0.2505967910401523,16344.981845133489,,1.0,1.0,1.0,1.0,1.0,1.0,1.0,1.0,1.0,1.0,1.0,1.0,1.0,1.0,1.0,1.0
2220,train,1.5089561939239502,4.522008230355764,0.543212890625,,,,1.5089561939239502,0.0,0.0,1.0,1.0,1.0,8.0,1.0,0.0,0.0,0.00019326559300595635,0.783096194267273,0.0,0.783096194267273,9097216,0.2515037921257317,16286.036744735558,,1.0,1.0,1.0,1.0,1.0,1.0,1.0,1.0,1.0,1.0,1.0,1.0,1.0,1.0,1.0,1.0
2240,train,1.5111522674560547,4.531949805161588,0.531005859375,,,,1.5111522674560547,0.0,0.0,1.0,1.0,1.0,8.0,1.0,0.0,0.0,0.00019157060258446796,0.8287514448165894,0.0,0.8287514448165894,9179136,0.2950295410118997,13883.35549705103,,1.0,1.0,1.0,1.0,1.0,1.0,1.0,1.0,1.0,1.0,1.0,1.0,1.0,1.0,1.0,1.0
2249,validation,,,,1.6457294487953187,5.1847905671150265,0.50921875,,0.0,,1.0,1.0,1.0,8.0,1.0,0.0,0.0,,,,,,,,3.9753204588778317,1.0,1.0,1.0,1.0,1.0,1.0,1.0,1.0,1.0,1.0,1.0,1.0,1.0,1.0,1.0,1.0
2260,train,1.486350655555725,4.420932539200771,0.546630859375,,,,1.486350655555725,0.0,0.0,1.0,1.0,1.0,8.0,1.0,0.0,0.0,0.0001898712433542669,0.745465874671936,0.0,0.745465874671936,9261056,0.29208033299073577,14023.539202586151,,1.0,1.0,1.0,1.0,1.0,1.0,1.0,1.0,1.0,1.0,1.0,1.0,1.0,1.0,1.0,1.0
2280,train,1.5161477327346802,4.554645643997934,0.537353515625,,,,1.5161477327346802,0.0,0.0,1.0,1.0,1.0,8.0,1.0,0.0,0.0,0.00018816779472848982,0.82643723487854,0.0,0.82643723487854,9342976,0.2593995830975473,15790.31065157764,,1.0,1.0,1.0,1.0,1.0,1.0,1.0,1.0,1.0,1.0,1.0,1.0,1.0,1.0,1.0,1.0
2300,train,1.5119256973266602,4.535456306354569,0.533203125,,,,1.5119256973266602,0.0,0.0,1.0,1.0,1.0,8.0,1.0,0.0,0.0,0.00018646053679266265,0.784353494644165,0.0,0.784353494644165,9424896,0.26753208320587873,15310.31325632796,,1.0,1.0,1.0,1.0,1.0,1.0,1.0,1.0,1.0,1.0,1.0,1.0,1.0,1.0,1.0,1.0
2320,train,1.523136019706726,4.586586290026341,0.535400390625,,,,1.523136019706726,0.0,0.0,1.0,1.0,1.0,8.0,1.0,0.0,0.0,0.0001847497502586481,0.8604752421379089,0.0,0.8604752421379089,9506816,0.2857301249168813,14335.205296226723,,1.0,1.0,1.0,1.0,1.0,1.0,1.0,1.0,1.0,1.0,1.0,1.0,1.0,1.0,1.0,1.0
2340,train,1.5079865455627441,4.517625597635543,0.534912109375,,,,1.5079865455627441,0.0,0.0,1.0,1.0,1.0,8.0,1.0,0.0,0.0,0.00018303571641849022,0.820167601108551,0.0,0.820167601108551,9588736,0.2597216251306236,15770.731443482886,,1.0,1.0,1.0,1.0,1.0,1.0,1.0,1.0,1.0,1.0,1.0,1.0,1.0,1.0,1.0,1.0
2360,train,1.4919712543487549,4.4458507894386665,0.53466796875,,,,1.4919712543487549,0.0,0.0,1.0,1.0,1.0,8.0,1.0,0.0,0.0,0.00018131871709816394,0.8681633472442627,0.0,0.8681633472442627,9670656,0.28015933418646455,14620.25176456852,,1.0,1.0,1.0,1.0,1.0,1.0,1.0,1.0,1.0,1.0,1.0,1.0,1.0,1.0,1.0,1.0
2380,train,1.5665538311004639,4.790112181569518,0.519287109375,,,,1.5665538311004639,0.0,0.0,1.0,1.0,1.0,8.0,1.0,0.0,0.0,0.00017959903461123612,0.8115313053131104,0.0,0.8115313053131104,9752576,0.2581292921677232,15868.017014274248,,1.0,1.0,1.0,1.0,1.0,1.0,1.0,1.0,1.0,1.0,1.0,1.0,1.0,1.0,1.0,1.0
2400,train,1.5392166376113892,4.660937637266281,0.5234375,,,,1.5392166376113892,0.0,0.0,1.0,1.0,1.0,8.0,1.0,0.0,0.0,0.00017787695171244696,0.8158154487609863,0.0,0.8158154487609863,9834496,0.2621773751452565,15623.010939562027,,1.0,1.0,1.0,1.0,1.0,1.0,1.0,1.0,1.0,1.0,1.0,1.0,1.0,1.0,1.0,1.0
2420,train,1.4967477321624756,4.467137093406744,0.547119140625,,,,1.4967477321624756,0.0,0.0,1.0,1.0,1.0,8.0,1.0,0.0,0.0,0.0001761527515512188,0.8260379433631897,0.0,0.8260379433631897,9916416,0.26386483293026686,15523.09928728727,,1.0,1.0,1.0,1.0,1.0,1.0,1.0,1.0,1.0,1.0,1.0,1.0,1.0,1.0,1.0,1.0
2440,train,1.5004966259002686,4.483915345974659,0.538330078125,,,,1.5004966259002686,0.0,0.0,1.0,1.0,1.0,8.0,1.0,0.0,0.0,0.00017442671762509987,0.7816857695579529,0.0,0.7816857695579529,9998336,0.2666524169035256,15360.820830219312,,1.0,1.0,1.0,1.0,1.0,1.0,1.0,1.0,1.0,1.0,1.0,1.0,1.0,1.0,1.0,1.0
2460,train,1.5017054080963135,4.489338700180086,0.540771484375,,,,1.5017054080963135,0.0,0.0,1.0,1.0,1.0,8.0,1.0,0.0,0.0,0.0001726991337331508,0.8739954233169556,0.0,0.8739954233169556,10080256,0.2662889170460403,15381.789243942954,,1.0,1.0,1.0,1.0,1.0,1.0,1.0,1.0,1.0,1.0,1.0,1.0,1.0,1.0,1.0,1.0
2480,train,1.442575216293335,4.231579028931491,0.55517578125,,,,1.442575216293335,0.0,0.0,1.0,1.0,1.0,8.0,1.0,0.0,0.0,0.00017097028392928167,0.8203399181365967,0.0,0.8203399181365967,10162176,0.2552527501247823,16046.83984011,,1.0,1.0,1.0,1.0,1.0,1.0,1.0,1.0,1.0,1.0,1.0,1.0,1.0,1.0,1.0,1.0
2499,validation,,,,1.6232321977615356,5.069449327310841,0.5163671875,,0.0,,1.0,1.0,1.0,8.0,1.0,0.0,0.0,,,,,,,,4.318709291052073,1.0,1.0,1.0,1.0,1.0,1.0,1.0,1.0,1.0,1.0,1.0,1.0,1.0,1.0,1.0,1.0
2500,train,1.4529662132263184,4.2757785947238345,0.5556640625,,,,1.4529662132263184,0.0,0.0,1.0,1.0,1.0,8.0,1.0,0.0,0.0,0.0001692404524755473,0.7764319181442261,0.0,0.7764319181442261,10244096,0.21078304201364517,19432.303286214283,,1.0,1.0,1.0,1.0,1.0,1.0,1.0,1.0,1.0,1.0,1.0,1.0,1.0,1.0,1.0,1.0
2520,train,1.4414706230163574,4.226907435765331,0.565673828125,,,,1.4414706230163574,0.0,0.0,1.0,1.0,1.0,8.0,1.0,0.0,0.0,0.0001675099237954079,0.8071153163909912,0.0,0.8071153163909912,10326016,0.2941737091168761,13923.745980891334,,1.0,1.0,1.0,1.0,1.0,1.0,1.0,1.0,1.0,1.0,1.0,1.0,1.0,1.0,1.0,1.0
2540,train,1.4221699237823486,4.146107423292933,0.566162109375,,,,1.4221699237823486,0.0,0.0,1.0,1.0,1.0,8.0,1.0,0.0,0.0,0.00016577898242696335,0.7704527974128723,0.0,0.7704527974128723,10407936,0.26161362510174513,15656.676896728943,,1.0,1.0,1.0,1.0,1.0,1.0,1.0,1.0,1.0,1.0,1.0,1.0,1.0,1.0,1.0,1.0
2560,train,1.4982106685638428,4.4736770134477455,0.53955078125,,,,1.4982106685638428,0.0,0.0,1.0,1.0,1.0,8.0,1.0,0.0,0.0,0.00016404791297616904,0.7989205718040466,0.0,0.7989205718040466,10489856,0.26528199994936585,15440.173101762652,,1.0,1.0,1.0,1.0,1.0,1.0,1.0,1.0,1.0,1.0,1.0,1.0,1.0,1.0,1.0,1.0
2580,train,1.4538278579711914,4.279464384572909,0.548828125,,,,1.4538278579711914,0.0,0.0,1.0,1.0,1.0,8.0,1.0,0.0,0.0,0.00016231700007004,0.834403932094574,0.0,0.834403932094574,10571776,0.25063199969008565,16342.685710782473,,1.0,1.0,1.0,1.0,1.0,1.0,1.0,1.0,1.0,1.0,1.0,1.0,1.0,1.0,1.0,1.0
2600,train,1.4830023050308228,4.406154462310308,0.55029296875,,,,1.4830023050308228,0.0,0.0,1.0,1.0,1.0,8.0,1.0,0.0,0.0,0.00016058652830985143,0.9164774417877197,0.0,0.9164774417877197,10653696,0.24545708298683167,16687.23489319615,,1.0,1.0,1.0,1.0,1.0,1.0,1.0,1.0,1.0,1.0,1.0,1.0,1.0,1.0,1.0,1.0
2620,train,1.460545539855957,4.3083092417589395,0.544189453125,,,,1.460545539855957,0.0,0.0,1.0,1.0,1.0,8.0,1.0,0.0,0.0,0.00015885678222434468,0.8084745407104492,0.0,0.8084745407104492,10735616,0.2556083328090608,16024.516708771416,,1.0,1.0,1.0,1.0,1.0,1.0,1.0,1.0,1.0,1.0,1.0,1.0,1.0,1.0,1.0,1.0
2640,train,1.4387744665145874,4.215526381246401,0.561767578125,,,,1.4387744665145874,0.0,0.0,1.0,1.0,1.0,8.0,1.0,0.0,0.0,0.00015712804622294328,0.7756733894348145,0.0,0.7756733894348145,10817536,0.34160633385181427,11990.40999566714,,1.0,1.0,1.0,1.0,1.0,1.0,1.0,1.0,1.0,1.0,1.0,1.0,1.0,1.0,1.0,1.0
2660,train,1.458752155303955,4.300589710632438,0.55322265625,,,,1.458752155303955,0.0,0.0,1.0,1.0,1.0,8.0,1.0,0.0,0.0,0.00015540060454899033,0.8605991005897522,0.0,0.8605991005897522,10899456,0.24772754218429327,16534.293941982603,,1.0,1.0,1.0,1.0,1.0,1.0,1.0,1.0,1.0,1.0,1.0,1.0,1.0,1.0,1.0,1.0
2680,train,1.445960521697998,4.245928491240463,0.560791015625,,,,1.445960521697998,0.0,0.0,1.0,1.0,1.0,8.0,1.0,0.0,0.0,0.0001536747412330121,0.7792264223098755,0.0,0.7792264223098755,10981376,0.2544739171862602,16095.952171797491,,1.0,1.0,1.0,1.0,1.0,1.0,1.0,1.0,1.0,1.0,1.0,1.0,1.0,1.0,1.0,1.0
2700,train,1.440914273262024,4.2245564508974205,0.560791015625,,,,1.440914273262024,0.0,0.0,1.0,1.0,1.0,8.0,1.0,0.0,0.0,0.0001519507400460171,0.7698043584823608,0.0,0.7698043584823608,11063296,0.25705020781606436,15934.630182952222,,1.0,1.0,1.0,1.0,1.0,1.0,1.0,1.0,1.0,1.0,1.0,1.0,1.0,1.0,1.0,1.0
2720,train,1.4145886898040771,4.114793661276208,0.566162109375,,,,1.4145886898040771,0.0,0.0,1.0,1.0,1.0,8.0,1.0,0.0,0.0,0.00015022888445283768,0.8195099234580994,0.0,0.8195099234580994,11145216,0.25197770819067955,16255.406200061263,,1.0,1.0,1.0,1.0,1.0,1.0,1.0,1.0,1.0,1.0,1.0,1.0,1.0,1.0,1.0,1.0
2740,train,1.4662264585494995,4.332854048783693,0.54345703125,,,,1.4662264585494995,0.0,0.0,1.0,1.0,1.0,8.0,1.0,0.0,0.0,0.0001485094575655219,0.8660695552825928,0.0,0.8660695552825928,11227136,0.2530210833065212,16188.374290682807,,1.0,1.0,1.0,1.0,1.0,1.0,1.0,1.0,1.0,1.0,1.0,1.0,1.0,1.0,1.0,1.0
2749,validation,,,,1.6023521685600282,4.964696504103546,0.5238232421875,,0.0,,1.0,1.0,1.0,8.0,1.0,0.0,0.0,,,,,,,,3.8756890827789903,1.0,1.0,1.0,1.0,1.0,1.0,1.0,1.0,1.0,1.0,1.0,1.0,1.0,1.0,1.0,1.0
2760,train,1.4341769218444824,4.196189794870874,0.561767578125,,,,1.4341769218444824,0.0,0.0,1.0,1.0,1.0,8.0,1.0,0.0,0.0,0.00014679274209678368,0.810289740562439,0.0,0.810289740562439,11309056,0.28481370816007257,14381.330261315736,,1.0,1.0,1.0,1.0,1.0,1.0,1.0,1.0,1.0,1.0,1.0,1.0,1.0,1.0,1.0,1.0
2780,train,1.4787592887878418,4.387498683732023,0.5400390625,,,,1.4787592887878418,0.0,0.0,1.0,1.0,1.0,8.0,1.0,0.0,0.0,0.00014507902031351823,0.8254929184913635,0.0,0.8254929184913635,11390976,0.25470066675916314,16081.622604753711,,1.0,1.0,1.0,1.0,1.0,1.0,1.0,1.0,1.0,1.0,1.0,1.0,1.0,1.0,1.0,1.0
2800,train,1.432199239730835,4.187899266085512,0.562255859375,,,,1.432199239730835,0.0,0.0,1.0,1.0,1.0,8.0,1.0,0.0,0.0,0.0001433685739903912,0.7776877284049988,0.0,0.7776877284049988,11472896,0.2824174170382321,14503.354796441277,,1.0,1.0,1.0,1.0,1.0,1.0,1.0,1.0,1.0,1.0,1.0,1.0,1.0,1.0,1.0,1.0
2820,train,1.4157037734985352,4.1193845597362655,0.5595703125,,,,1.4157037734985352,0.0,0.0,1.0,1.0,1.0,8.0,1.0,0.0,0.0,0.00014166168436350834,0.8671258687973022,0.0,0.8671258687973022,11554816,0.2596192918717861,15776.94773939536,,1.0,1.0,1.0,1.0,1.0,1.0,1.0,1.0,1.0,1.0,1.0,1.0,1.0,1.0,1.0,1.0
2840,train,1.405552864074707,4.077780576563154,0.568115234375,,,,1.405552864074707,0.0,0.0,1.0,1.0,1.0,8.0,1.0,0.0,0.0,0.00013995863208417401,0.8082820773124695,0.0,0.8082820773124695,11636736,0.2559074996970594,16005.783358630762,,1.0,1.0,1.0,1.0,1.0,1.0,1.0,1.0,1.0,1.0,1.0,1.0,1.0,1.0,1.0,1.0
2860,train,1.4225633144378662,4.147738784070032,0.552490234375,,,,1.4225633144378662,0.0,0.0,1.0,1.0,1.0,8.0,1.0,0.0,0.0,0.00013825969717274586,0.787373960018158,0.0,0.787373960018158,11718656,0.2612246247008443,15679.991902336003,,1.0,1.0,1.0,1.0,1.0,1.0,1.0,1.0,1.0,1.0,1.0,1.0,1.0,1.0,1.0,1.0
2880,train,1.4775314331054688,4.382114774549951,0.540771484375,,,,1.4775314331054688,0.0,0.0,1.0,1.0,1.0,8.0,1.0,0.0,0.0,0.0001365651589725928,0.7902646064758301,0.0,0.7902646064758301,11800576,0.2639366667717695,15518.87447128322,,1.0,1.0,1.0,1.0,1.0,1.0,1.0,1.0,1.0,1.0,1.0,1.0,1.0,1.0,1.0,1.0
2900,train,1.4526708126068115,4.274515713615194,0.556884765625,,,,1.4526708126068115,0.0,0.0,1.0,1.0,1.0,8.0,1.0,0.0,0.0,0.00013487529610416507,0.8800176978111267,0.0,0.8800176978111267,11882496,0.39917012490332127,10261.288970440983,,1.0,1.0,1.0,1.0,1.0,1.0,1.0,1.0,1.0,1.0,1.0,1.0,1.0,1.0,1.0,1.0
2920,train,1.4302061796188354,4.179560843354294,0.562255859375,,,,1.4302061796188354,0.0,0.0,1.0,1.0,1.0,8.0,1.0,0.0,0.0,0.00013319038641918237,0.7908219695091248,0.0,0.7908219695091248,11964416,0.25923687499016523,15800.22132327969,,1.0,1.0,1.0,1.0,1.0,1.0,1.0,1.0,1.0,1.0,1.0,1.0,1.0,1.0,1.0,1.0
2940,train,1.3961048126220703,4.0394349269439545,0.565673828125,,,,1.3961048126220703,0.0,0.0,1.0,1.0,1.0,8.0,1.0,0.0,0.0,0.00013151070695494892,0.8195719718933105,0.0,0.8195719718933105,12046336,0.2710027922876179,15114.235412205182,,1.0,1.0,1.0,1.0,1.0,1.0,1.0,1.0,1.0,1.0,1.0,1.0,1.0,1.0,1.0,1.0
2960,train,1.4513905048370361,4.269046519807774,0.5478515625,,,,1.4513905048370361,0.0,0.0,1.0,1.0,1.0,8.0,1.0,0.0,0.0,0.0001298365338888022,0.7985342144966125,0.0,0.7985342144966125,12128256,0.2662721248343587,15382.759282624947,,1.0,1.0,1.0,1.0,1.0,1.0,1.0,1.0,1.0,1.0,1.0,1.0,1.0,1.0,1.0,1.0
2980,train,1.4069472551345825,4.083470563454742,0.572998046875,,,,1.4069472551345825,0.0,0.0,1.0,1.0,1.0,8.0,1.0,0.0,0.0,0.00012816814249270328,0.8362193703651428,0.0,0.8362193703651428,12210176,0.27569741616025567,14856.86756534237,,1.0,1.0,1.0,1.0,1.0,1.0,1.0,1.0,1.0,1.0,1.0,1.0,1.0,1.0,1.0,1.0
2999,validation,,,,1.5825691294670106,4.867444857391945,0.529521484375,,0.0,,1.0,1.0,1.0,8.0,1.0,0.0,0.0,,,,,,,,4.973322415724397,1.0,1.0,1.0,1.0,1.0,1.0,1.0,1.0,1.0,1.0,1.0,1.0,1.0,1.0,1.0,1.0
3000,train,1.431065320968628,4.183153219857425,0.555908203125,,,,1.431065320968628,0.0,0.0,1.0,1.0,1.0,8.0,1.0,0.0,0.0,0.00012650580708797562,0.8462162613868713,0.0,0.8462162613868713,12292096,0.24470108281821012,16738.78984443621,,1.0,1.0,1.0,1.0,1.0,1.0,1.0,1.0,1.0,1.0,1.0,1.0,1.0,1.0,1.0,1.0
3020,train,1.4319705963134766,4.186941839944525,0.56396484375,,,,1.4319705963134766,0.0,0.0,1.0,1.0,1.0,8.0,1.0,0.0,0.0,0.0001248498010002006,0.7714748978614807,0.0,0.7714748978614807,12374016,0.2784264590591192,14711.245525448723,,1.0,1.0,1.0,1.0,1.0,1.0,1.0,1.0,1.0,1.0,1.0,1.0,1.0,1.0,1.0,1.0
3040,train,1.4212684631347656,4.142371554732418,0.561767578125,,,,1.4212684631347656,0.0,0.0,1.0,1.0,1.0,8.0,1.0,0.0,0.0,0.00012320039651427672,0.7758657932281494,0.0,0.7758657932281494,12455936,0.27702887495979667,14785.462347902994,,1.0,1.0,1.0,1.0,1.0,1.0,1.0,1.0,1.0,1.0,1.0,1.0,1.0,1.0,1.0,1.0
3060,train,1.3711439371109009,3.9398550650419897,0.581298828125,,,,1.3711439371109009,0.0,0.0,1.0,1.0,1.0,8.0,1.0,0.0,0.0,0.0001215578648296493,0.8082125186920166,0.0,0.8082125186920166,12537856,0.24650579178705812,16616.242443253803,,1.0,1.0,1.0,1.0,1.0,1.0,1.0,1.0,1.0,1.0,1.0,1.0,1.0,1.0,1.0,1.0
3080,train,1.439004898071289,4.2164978834808355,0.55615234375,,,,1.439004898071289,0.0,0.0,1.0,1.0,1.0,8.0,1.0,0.0,0.0,0.00011992247601571996,0.7794893980026245,0.0,0.7794893980026245,12619776,0.26055758399888873,15720.133481194196,,1.0,1.0,1.0,1.0,1.0,1.0,1.0,1.0,1.0,1.0,1.0,1.0,1.0,1.0,1.0,1.0
3100,train,1.482480525970459,4.403856022866079,0.536376953125,,,,1.482480525970459,0.0,0.0,1.0,1.0,1.0,8.0,1.0,0.0,0.0,0.0001182944989674402,0.8231176733970642,0.0,0.8231176733970642,12701696,0.3917145002633333,10456.59529388478,,1.0,1.0,1.0,1.0,1.0,1.0,1.0,1.0,1.0,1.0,1.0,1.0,1.0,1.0,1.0,1.0
3120,train,1.4234402179718018,4.151377546056075,0.56494140625,,,,1.4234402179718018,0.0,0.0,1.0,1.0,1.0,8.0,1.0,0.0,0.0,0.00011667420136109982,0.8344432711601257,0.0,0.8344432711601257,12783616,0.2656767498701811,15417.231662166329,,1.0,1.0,1.0,1.0,1.0,1.0,1.0,1.0,1.0,1.0,1.0,1.0,1.0,1.0,1.0,1.0
3140,train,1.415649652481079,4.119161620485504,0.563720703125,,,,1.415649652481079,0.0,0.0,1.0,1.0,1.0,8.0,1.0,0.0,0.0,0.00011506184961031415,0.8170421123504639,0.0,0.8170421123504639,12865536,0.281632041092962,14543.799718612197,,1.0,1.0,1.0,1.0,1.0,1.0,1.0,1.0,1.0,1.0,1.0,1.0,1.0,1.0,1.0,1.0
3160,train,1.4196395874023438,4.135629638594692,0.563232421875,,,,1.4196395874023438,0.0,0.0,1.0,1.0,1.0,8.0,1.0,0.0,0.0,0.00011345770882222015,0.7926695942878723,0.0,0.7926695942878723,12947456,0.28260033391416073,14493.967304526086,,1.0,1.0,1.0,1.0,1.0,1.0,1.0,1.0,1.0,1.0,1.0,1.0,1.0,1.0,1.0,1.0
3180,train,1.42983078956604,4.177992172238834,0.5576171875,,,,1.42983078956604,0.0,0.0,1.0,1.0,1.0,8.0,1.0,0.0,0.0,0.00011186204275388654,0.7827563285827637,0.0,0.7827563285827637,13029376,0.24701066687703133,16582.27983344177,,1.0,1.0,1.0,1.0,1.0,1.0,1.0,1.0,1.0,1.0,1.0,1.0,1.0,1.0,1.0,1.0
3200,train,1.3956327438354492,4.037528485820435,0.564208984375,,,,1.3956327438354492,0.0,0.0,1.0,1.0,1.0,8.0,1.0,0.0,0.0,0.00011027511376894614,0.778197705745697,0.0,0.778197705745697,13111296,0.27689075004309416,14792.83796718567,,1.0,1.0,1.0,1.0,1.0,1.0,1.0,1.0,1.0,1.0,1.0,1.0,1.0,1.0,1.0,1.0
3220,train,1.3889939785003662,4.0108130585151835,0.56591796875,,,,1.3889939785003662,0.0,0.0,1.0,1.0,1.0,8.0,1.0,0.0,0.0,0.00010869718279445753,0.8140745759010315,0.0,0.8140745759010315,13193216,0.2473504999652505,16559.497557415223,,1.0,1.0,1.0,1.0,1.0,1.0,1.0,1.0,1.0,1.0,1.0,1.0,1.0,1.0,1.0,1.0
3240,train,1.3498343229293823,3.8567864966730268,0.589111328125,,,,1.3498343229293823,0.0,0.0,1.0,1.0,1.0,8.0,1.0,0.0,0.0,0.00010712850927800251,0.8013817071914673,0.0,0.8013817071914673,13275136,0.2686525830067694,15246.45679619909,,1.0,1.0,1.0,1.0,1.0,1.0,1.0,1.0,1.0,1.0,1.0,1.0,1.0,1.0,1.0,1.0
3249,validation,,,,1.577240505218506,4.84157705380732,0.531025390625,,0.0,,1.0,1.0,1.0,8.0,1.0,0.0,0.0,,,,,,,,4.1456221248954535,1.0,1.0,1.0,1.0,1.0,1.0,1.0,1.0,1.0,1.0,1.0,1.0,1.0,1.0,1.0,1.0
3260,train,1.4171111583709717,4.125186200862741,0.56201171875,,,,1.4171111583709717,0.0,0.0,1.0,1.0,1.0,8.0,1.0,0.0,0.0,0.00010556935114502734,0.8457310199737549,0.0,0.8457310199737549,13357056,0.2759579583071172,14842.840645463495,,1.0,1.0,1.0,1.0,1.0,1.0,1.0,1.0,1.0,1.0,1.0,1.0,1.0,1.0,1.0,1.0
3280,train,1.3910231590270996,4.018959985266985,0.5712890625,,,,1.3910231590270996,0.0,0.0,1.0,1.0,1.0,8.0,1.0,0.0,0.0,0.00010401996475643345,0.7492186427116394,0.0,0.7492186427116394,13438976,0.24903870839625597,16447.24238403406,,1.0,1.0,1.0,1.0,1.0,1.0,1.0,1.0,1.0,1.0,1.0,1.0,1.0,1.0,1.0,1.0
3300,train,1.3975937366485596,4.045453818384223,0.5625,,,,1.3975937366485596,0.0,0.0,1.0,1.0,1.0,8.0,1.0,0.0,0.0,0.00010248060486642674,0.8621338605880737,0.0,0.8621338605880737,13520896,0.286058499943465,14318.74948938595,,1.0,1.0,1.0,1.0,1.0,1.0,1.0,1.0,1.0,1.0,1.0,1.0,1.0,1.0,1.0,1.0
3320,train,1.3726890087127686,3.9459471283435246,0.58203125,,,,1.3726890087127686,0.0,0.0,1.0,1.0,1.0,8.0,1.0,0.0,0.0,0.00010095152458062921,0.7926198840141296,0.0,0.7926198840141296,13602816,0.2697503329254687,15184.41128720206,,1.0,1.0,1.0,1.0,1.0,1.0,1.0,1.0,1.0,1.0,1.0,1.0,1.0,1.0,1.0,1.0
3340,train,1.3933132886886597,4.028174471895177,0.5634765625,,,,1.3933132886886597,0.0,0.0,1.0,1.0,1.0,8.0,1.0,0.0,0.0,9.943297531446337e-05,0.7626107931137085,0.0,0.7626107931137085,13684736,0.24663229193538427,16607.71980772542,,1.0,1.0,1.0,1.0,1.0,1.0,1.0,1.0,1.0,1.0,1.0,1.0,1.0,1.0,1.0,1.0
3360,train,1.334800362586975,3.7992374007785856,0.58740234375,,,,1.334800362586975,0.0,0.0,1.0,1.0,1.0,8.0,1.0,0.0,0.0,9.792520675181373e-05,0.8294022679328918,0.0,0.8294022679328918,13766656,0.2564828749746084,15969.87713275399,,1.0,1.0,1.0,1.0,1.0,1.0,1.0,1.0,1.0,1.0,1.0,1.0,1.0,1.0,1.0,1.0
3380,train,1.4360407590866089,4.204018102765261,0.55859375,,,,1.4360407590866089,0.0,0.0,1.0,1.0,1.0,8.0,1.0,0.0,0.0,9.642846680397283e-05,0.8866975903511047,0.0,0.8866975903511047,13848576,0.2463138336315751,16629.19187123939,,1.0,1.0,1.0,1.0,1.0,1.0,1.0,1.0,1.0,1.0,1.0,1.0,1.0,1.0,1.0,1.0
3400,train,1.4057743549346924,4.078683867721564,0.571044921875,,,,1.4057743549346924,0.0,0.0,1.0,1.0,1.0,8.0,1.0,0.0,0.0,9.494300156887937e-05,0.8671742081642151,0.0,0.8671742081642151,13930496,0.2536270837299526,16149.694818717324,,1.0,1.0,1.0,1.0,1.0,1.0,1.0,1.0,1.0,1.0,1.0,1.0,1.0,1.0,1.0,1.0
3420,train,1.3787345886230469,3.9698749228484282,0.565185546875,,,,1.3787345886230469,0.0,0.0,1.0,1.0,1.0,8.0,1.0,0.0,0.0,9.346905529065394e-05,0.8105300068855286,0.0,0.8105300068855286,14012416,0.2625486250035465,15600.919638960866,,1.0,1.0,1.0,1.0,1.0,1.0,1.0,1.0,1.0,1.0,1.0,1.0,1.0,1.0,1.0,1.0
3440,train,1.4260787963867188,4.162345745104429,0.5576171875,,,,1.4260787963867188,0.0,0.0,1.0,1.0,1.0,8.0,1.0,0.0,0.0,9.200687031943982e-05,0.8455396890640259,0.0,0.8455396890640259,14094336,0.27160508278757334,15080.719248555251,,1.0,1.0,1.0,1.0,1.0,1.0,1.0,1.0,1.0,1.0,1.0,1.0,1.0,1.0,1.0,1.0
3460,train,1.4221137762069702,4.14587463594914,0.560791015625,,,,1.4221137762069702,0.0,0.0,1.0,1.0,1.0,8.0,1.0,0.0,0.0,9.055668707155493e-05,0.834381639957428,0.0,0.834381639957428,14176256,0.2664114166982472,15374.716484614335,,1.0,1.0,1.0,1.0,1.0,1.0,1.0,1.0,1.0,1.0,1.0,1.0,1.0,1.0,1.0,1.0
3480,train,1.4203417301177979,4.138534460499676,0.566162109375,,,,1.4203417301177979,0.0,0.0,1.0,1.0,1.0,8.0,1.0,0.0,0.0,8.91187439899624e-05,0.8180108666419983,0.0,0.8180108666419983,14258176,0.2626741249114275,15593.46586338168,,1.0,1.0,1.0,1.0,1.0,1.0,1.0,1.0,1.0,1.0,1.0,1.0,1.0,1.0,1.0,1.0
3499,validation,,,,1.5538692951202393,4.729735565467552,0.5374755859375,,0.0,,1.0,1.0,1.0,8.0,1.0,0.0,0.0,,,,,,,,3.81112845800817,1.0,1.0,1.0,1.0,1.0,1.0,1.0,1.0,1.0,1.0,1.0,1.0,1.0,1.0,1.0,1.0
3500,train,1.4168727397918701,4.124202797065728,0.572265625,,,,1.4168727397918701,0.0,0.0,1.0,1.0,1.0,8.0,1.0,0.0,0.0,8.769327750506457e-05,0.8545233011245728,0.0,0.8545233011245728,14340096,0.2198980408720672,18626.81442615935,,1.0,1.0,1.0,1.0,1.0,1.0,1.0,1.0,1.0,1.0,1.0,1.0,1.0,1.0,1.0,1.0
3520,train,1.3587398529052734,3.891286617346846,0.57666015625,,,,1.3587398529052734,0.0,0.0,1.0,1.0,1.0,8.0,1.0,0.0,0.0,8.628052199582897e-05,0.8146026730537415,0.0,0.8146026730537415,14422016,0.24541833391413093,16689.869638806787,,1.0,1.0,1.0,1.0,1.0,1.0,1.0,1.0,1.0,1.0,1.0,1.0,1.0,1.0,1.0,1.0
3540,train,1.3868534564971924,4.002237006801016,0.5693359375,,,,1.3868534564971924,0.0,0.0,1.0,1.0,1.0,8.0,1.0,0.0,0.0,8.488070975125088e-05,0.8160378336906433,0.0,0.8160378336906433,14503936,0.25147350039333105,16287.998511148986,,1.0,1.0,1.0,1.0,1.0,1.0,1.0,1.0,1.0,1.0,1.0,1.0,1.0,1.0,1.0,1.0
3560,train,1.4076511859893799,4.0863460563343565,0.55908203125,,,,1.4076511859893799,0.0,0.0,1.0,1.0,1.0,8.0,1.0,0.0,0.0,8.349407093215969e-05,0.8306451439857483,0.0,0.8306451439857483,14585856,0.24484958266839385,16728.637865588356,,1.0,1.0,1.0,1.0,1.0,1.0,1.0,1.0,1.0,1.0,1.0,1.0,1.0,1.0,1.0,1.0
3580,train,1.3831684589385986,3.987515913456951,0.566650390625,,,,1.3831684589385986,0.0,0.0,1.0,1.0,1.0,8.0,1.0,0.0,0.0,8.212083353337553e-05,0.8658466339111328,0.0,0.8658466339111328,14667776,0.26253241673111916,15601.882811276017,,1.0,1.0,1.0,1.0,1.0,1.0,1.0,1.0,1.0,1.0,1.0,1.0,1.0,1.0,1.0,1.0
3600,train,1.458956241607666,4.301467491658754,0.552978515625,,,,1.458956241607666,0.0,0.0,1.0,1.0,1.0,8.0,1.0,0.0,0.0,8.076122334622138e-05,0.861627995967865,0.0,0.861627995967865,14749696,0.25450366688892245,16094.07066731062,,1.0,1.0,1.0,1.0,1.0,1.0,1.0,1.0,1.0,1.0,1.0,1.0,1.0,1.0,1.0,1.0
3620,train,1.394728422164917,4.033878911758491,0.5732421875,,,,1.394728422164917,0.0,0.0,1.0,1.0,1.0,8.0,1.0,0.0,0.0,7.94154639213982e-05,0.8092780709266663,0.0,0.8092780709266663,14831616,0.2593616251833737,15792.62158426116,,1.0,1.0,1.0,1.0,1.0,1.0,1.0,1.0,1.0,1.0,1.0,1.0,1.0,1.0,1.0,1.0
3640,train,1.3745325803756714,3.9532284744320165,0.57080078125,,,,1.3745325803756714,0.0,0.0,1.0,1.0,1.0,8.0,1.0,0.0,0.0,7.808377653222793e-05,0.8200857043266296,0.0,0.8200857043266296,14913536,0.2524787923321128,16223.144772540285,,1.0,1.0,1.0,1.0,1.0,1.0,1.0,1.0,1.0,1.0,1.0,1.0,1.0,1.0,1.0,1.0
3660,train,1.3684338331222534,3.929192103509138,0.579345703125,,,,1.3684338331222534,0.0,0.0,1.0,1.0,1.0,8.0,1.0,0.0,0.0,7.67663801382712e-05,0.8561341166496277,0.0,0.8561341166496277,14995456,0.25109799997881055,16312.356133245386,,1.0,1.0,1.0,1.0,1.0,1.0,1.0,1.0,1.0,1.0,1.0,1.0,1.0,1.0,1.0,1.0
3680,train,1.3765074014663696,3.961043107110686,0.562744140625,,,,1.3765074014663696,0.0,0.0,1.0,1.0,1.0,8.0,1.0,0.0,0.0,7.546349134932549e-05,0.8256703615188599,0.0,0.8256703615188599,15077376,0.3092449582181871,13245.163392801625,,1.0,1.0,1.0,1.0,1.0,1.0,1.0,1.0,1.0,1.0,1.0,1.0,1.0,1.0,1.0,1.0
3700,train,1.372255563735962,3.9442371479999667,0.57177734375,,,,1.372255563735962,0.0,0.0,1.0,1.0,1.0,8.0,1.0,0.0,0.0,7.417532438980949e-05,0.8451658487319946,0.0,0.8451658487319946,15159296,0.24708070885390043,16577.579119792703,,1.0,1.0,1.0,1.0,1.0,1.0,1.0,1.0,1.0,1.0,1.0,1.0,1.0,1.0,1.0,1.0
3720,train,1.3970146179199219,4.0431116985603435,0.568115234375,,,,1.3970146179199219,0.0,0.0,1.0,1.0,1.0,8.0,1.0,0.0,0.0,7.290209106353981e-05,0.876108705997467,0.0,0.876108705997467,15241216,0.2462190417572856,16635.59394418283,,1.0,1.0,1.0,1.0,1.0,1.0,1.0,1.0,1.0,1.0,1.0,1.0,1.0,1.0,1.0,1.0
3740,train,1.3747256994247437,3.9539919918782727,0.5771484375,,,,1.3747256994247437,0.0,0.0,1.0,1.0,1.0,8.0,1.0,0.0,0.0,7.164400071890549e-05,0.8414632678031921,0.0,0.8414632678031921,15323136,0.24927966622635722,16431.34420871956,,1.0,1.0,1.0,1.0,1.0,1.0,1.0,1.0,1.0,1.0,1.0,1.0,1.0,1.0,1.0,1.0
3749,validation,,,,1.547329227924347,4.698903708156056,0.540185546875,,0.0,,1.0,1.0,1.0,8.0,1.0,0.0,0.0,,,,,,,,3.933691957965493,1.0,1.0,1.0,1.0,1.0,1.0,1.0,1.0,1.0,1.0,1.0,1.0,1.0,1.0,1.0,1.0
3760,train,1.4054226875305176,4.077249779729133,0.56689453125,,,,1.4054226875305176,0.0,0.0,1.0,1.0,1.0,8.0,1.0,0.0,0.0,7.040126021444665e-05,0.7859756946563721,0.0,0.7859756946563721,15405056,0.2630145838484168,15573.28091875182,,1.0,1.0,1.0,1.0,1.0,1.0,1.0,1.0,1.0,1.0,1.0,1.0,1.0,1.0,1.0,1.0
3780,train,1.3645761013031006,3.9140635338522016,0.576416015625,,,,1.3645761013031006,0.0,0.0,1.0,1.0,1.0,8.0,1.0,0.0,0.0,6.9174073884842e-05,0.8677293658256531,0.0,0.8677293658256531,15486976,0.2443343331106007,16763.915033364956,,1.0,1.0,1.0,1.0,1.0,1.0,1.0,1.0,1.0,1.0,1.0,1.0,1.0,1.0,1.0,1.0
3800,train,1.3361632823944092,3.8044189869263603,0.59033203125,,,,1.3361632823944092,0.0,0.0,1.0,1.0,1.0,8.0,1.0,0.0,0.0,6.796264350731174e-05,0.8139540553092957,0.0,0.8139540553092957,15568896,0.25776387471705675,15890.512215864668,,1.0,1.0,1.0,1.0,1.0,1.0,1.0,1.0,1.0,1.0,1.0,1.0,1.0,1.0,1.0,1.0
3820,train,1.3566327095031738,3.883095751120945,0.5712890625,,,,1.3566327095031738,0.0,0.0,1.0,1.0,1.0,8.0,1.0,0.0,0.0,6.676716826844083e-05,0.8405556678771973,0.0,0.8405556678771973,15650816,0.2563305418007076,15979.367777346513,,1.0,1.0,1.0,1.0,1.0,1.0,1.0,1.0,1.0,1.0,1.0,1.0,1.0,1.0,1.0,1.0
3840,train,1.3883100748062134,4.008070986411407,0.56689453125,,,,1.3883100748062134,0.0,0.0,1.0,1.0,1.0,8.0,1.0,0.0,0.0,6.558784473142812e-05,0.8716391921043396,0.0,0.8716391921043396,15732736,0.24600812466815114,16649.856607480895,,1.0,1.0,1.0,1.0,1.0,1.0,1.0,1.0,1.0,1.0,1.0,1.0,1.0,1.0,1.0,1.0
3860,train,1.3688414096832275,3.930793876514486,0.575927734375,,,,1.3688414096832275,0.0,0.0,1.0,1.0,1.0,8.0,1.0,0.0,0.0,6.442486680376695e-05,0.8476280570030212,0.0,0.8476280570030212,15814656,0.25879654195159674,15827.104833441257,,1.0,1.0,1.0,1.0,1.0,1.0,1.0,1.0,1.0,1.0,1.0,1.0,1.0,1.0,1.0,1.0
3880,train,1.3921778202056885,4.023603202495736,0.56591796875,,,,1.3921778202056885,0.0,0.0,1.0,1.0,1.0,8.0,1.0,0.0,0.0,6.327842570536232e-05,0.8146633505821228,0.0,0.8146633505821228,15896576,0.2525542499497533,16218.297656107217,,1.0,1.0,1.0,1.0,1.0,1.0,1.0,1.0,1.0,1.0,1.0,1.0,1.0,1.0,1.0,1.0
3900,train,1.3825769424438477,3.98515792948302,0.56884765625,,,,1.3825769424438477,0.0,0.0,1.0,1.0,1.0,8.0,1.0,0.0,0.0,6.214870993709013e-05,0.8099877238273621,0.0,0.8099877238273621,15978496,0.2723002918064594,15042.21671165626,,1.0,1.0,1.0,1.0,1.0,1.0,1.0,1.0,1.0,1.0,1.0,1.0,1.0,1.0,1.0,1.0
3920,train,1.4082239866256714,4.088687388449778,0.5654296875,,,,1.4082239866256714,0.0,0.0,1.0,1.0,1.0,8.0,1.0,0.0,0.0,6.10359052498032e-05,0.925665020942688,0.0,0.925665020942688,16060416,0.25351783307269216,16156.654347962725,,1.0,1.0,1.0,1.0,1.0,1.0,1.0,1.0,1.0,1.0,1.0,1.0,1.0,1.0,1.0,1.0
3940,train,1.4021580219268799,4.063960626739172,0.55908203125,,,,1.4021580219268799,0.0,0.0,1.0,1.0,1.0,8.0,1.0,0.0,0.0,5.994019461378977e-05,0.8412770628929138,0.0,0.8412770628929138,16142336,0.3538070828653872,11576.930475296344,,1.0,1.0,1.0,1.0,1.0,1.0,1.0,1.0,1.0,1.0,1.0,1.0,1.0,1.0,1.0,1.0
3960,train,1.3539159297943115,3.8725605527632228,0.58154296875,,,,1.3539159297943115,0.0,0.0,1.0,1.0,1.0,8.0,1.0,0.0,0.0,5.8861758188688994e-05,0.8294919729232788,0.0,0.8294919729232788,16224256,0.24838500004261732,16490.528813322937,,1.0,1.0,1.0,1.0,1.0,1.0,1.0,1.0,1.0,1.0,1.0,1.0,1.0,1.0,1.0,1.0
3980,train,1.4093422889709473,4.093262334755187,0.560302734375,,,,1.4093422889709473,0.0,0.0,1.0,1.0,1.0,8.0,1.0,0.0,0.0,5.780077329386861e-05,0.88374924659729,0.0,0.88374924659729,16306176,0.2498287921771407,16395.227965140773,,1.0,1.0,1.0,1.0,1.0,1.0,1.0,1.0,1.0,1.0,1.0,1.0,1.0,1.0,1.0,1.0
3999,validation,,,,1.5371768450737,4.651439981372077,0.5427734375,,0.0,,1.0,1.0,1.0,8.0,1.0,0.0,0.0,,,,,,,,3.873029666952789,1.0,1.0,1.0,1.0,1.0,1.0,1.0,1.0,1.0,1.0,1.0,1.0,1.0,1.0,1.0,1.0
4000,train,1.4115548133850098,4.102328803797485,0.55517578125,,,,1.4115548133850098,0.0,0.0,1.0,1.0,1.0,8.0,1.0,0.0,0.0,5.6757414379269524e-05,0.8515307903289795,0.0,0.8515307903289795,16388096,0.1965772919356823,20836.5877852268,,1.0,1.0,1.0,1.0,1.0,1.0,1.0,1.0,1.0,1.0,1.0,1.0,1.0,1.0,1.0,1.0
4020,train,1.3650269508361816,3.9158285854253294,0.57373046875,,,,1.3650269508361816,0.0,0.0,1.0,1.0,1.0,8.0,1.0,0.0,0.0,5.573185299672248e-05,0.8282937407493591,0.0,0.8282937407493591,16470016,0.2507492918521166,16335.04114705808,,1.0,1.0,1.0,1.0,1.0,1.0,1.0,1.0,1.0,1.0,1.0,1.0,1.0,1.0,1.0,1.0
4040,train,1.4406838417053223,4.223583091928684,0.554443359375,,,,1.4406838417053223,0.0,0.0,1.0,1.0,1.0,8.0,1.0,0.0,0.0,5.472425777174096e-05,0.9169479012489319,0.0,0.9169479012489319,16551936,0.9494848330505192,4313.918303297493,,1.0,1.0,1.0,1.0,1.0,1.0,1.0,1.0,1.0,1.0,1.0,1.0,1.0,1.0,1.0,1.0
4060,train,1.390740990638733,4.017826121782772,0.564453125,,,,1.390740990638733,0.0,0.0,1.0,1.0,1.0,8.0,1.0,0.0,0.0,5.3734794375795196e-05,0.8847362995147705,0.0,0.8847362995147705,16633856,0.25957104191184044,15779.880412820268,,1.0,1.0,1.0,1.0,1.0,1.0,1.0,1.0,1.0,1.0,1.0,1.0,1.0,1.0,1.0,1.0
4080,train,1.3923704624176025,4.024378392981337,0.570556640625,,,,1.3923704624176025,0.0,0.0,1.0,1.0,1.0,8.0,1.0,0.0,0.0,5.276362549907239e-05,0.8529050350189209,0.0,0.8529050350189209,16715776,0.2537397090345621,16142.526589884597,,1.0,1.0,1.0,1.0,1.0,1.0,1.0,1.0,1.0,1.0,1.0,1.0,1.0,1.0,1.0,1.0
4100,train,1.3178162574768066,3.735255628009066,0.592529296875,,,,1.3178162574768066,0.0,0.0,1.0,1.0,1.0,8.0,1.0,0.0,0.0,5.181091082372629e-05,0.8394036889076233,0.0,0.8394036889076233,16797696,0.2518151248805225,16265.901430437943,,1.0,1.0,1.0,1.0,1.0,1.0,1.0,1.0,1.0,1.0,1.0,1.0,1.0,1.0,1.0,1.0
4120,train,1.3521943092346191,3.8658992086957222,0.574462890625,,,,1.3521943092346191,0.0,0.0,1.0,1.0,1.0,8.0,1.0,0.0,0.0,5.087680699762229e-05,0.8910086154937744,0.0,0.8910086154937744,16879616,0.2628751671873033,15581.54025664024,,1.0,1.0,1.0,1.0,1.0,1.0,1.0,1.0,1.0,1.0,1.0,1.0,1.0,1.0,1.0,1.0
4140,train,1.3731192350387573,3.947645143918408,0.56787109375,,,,1.3731192350387573,0.0,0.0,1.0,1.0,1.0,8.0,1.0,0.0,0.0,4.996146760858055e-05,0.8669345378875732,0.0,0.8669345378875732,16961536,0.25358249992132187,16152.534190138716,,1.0,1.0,1.0,1.0,1.0,1.0,1.0,1.0,1.0,1.0,1.0,1.0,1.0,1.0,1.0,1.0
4160,train,1.307011604309082,3.6951147311946353,0.6015625,,,,1.307011604309082,0.0,0.0,1.0,1.0,1.0,8.0,1.0,0.0,0.0,4.9065043159123064e-05,0.8515234589576721,0.0,0.8515234589576721,17043456,0.28444883273914456,14399.77784600811,,1.0,1.0,1.0,1.0,1.0,1.0,1.0,1.0,1.0,1.0,1.0,1.0,1.0,1.0,1.0,1.0
4180,train,1.3683364391326904,3.928809442449164,0.57080078125,,,,1.3683364391326904,0.0,0.0,1.0,1.0,1.0,8.0,1.0,0.0,0.0,4.81876810417273e-05,0.8470337390899658,0.0,0.8470337390899658,17125376,0.26022025011479855,15740.512116920232,,1.0,1.0,1.0,1.0,1.0,1.0,1.0,1.0,1.0,1.0,1.0,1.0,1.0,1.0,1.0,1.0
4200,train,1.3679118156433105,3.9271415318166802,0.57470703125,,,,1.3679118156433105,0.0,0.0,1.0,1.0,1.0,8.0,1.0,0.0,0.0,4.7329525514591865e-05,0.8989928364753723,0.0,0.8989928364753723,17207296,0.24966370780020952,16406.068932044287,,1.0,1.0,1.0,1.0,1.0,1.0,1.0,1.0,1.0,1.0,1.0,1.0,1.0,1.0,1.0,1.0
4220,train,1.3915247917175293,4.020976532717899,0.5625,,,,1.3915247917175293,0.0,0.0,1.0,1.0,1.0,8.0,1.0,0.0,0.0,4.6490717677916956e-05,0.8843968510627747,0.0,0.8843968510627747,17289216,0.24677299987524748,16598.25022215021,,1.0,1.0,1.0,1.0,1.0,1.0,1.0,1.0,1.0,1.0,1.0,1.0,1.0,1.0,1.0,1.0
4240,train,1.3600472211837769,3.8963772889991612,0.575439453125,,,,1.3600472211837769,0.0,0.0,1.0,1.0,1.0,8.0,1.0,0.0,0.0,4.5671395450704284e-05,0.8551701307296753,0.0,0.8551701307296753,17371136,0.26246333261951804,15605.989450487537,,1.0,1.0,1.0,1.0,1.0,1.0,1.0,1.0,1.0,1.0,1.0,1.0,1.0,1.0,1.0,1.0
4249,validation,,,,1.528663249015808,4.61200759416694,0.5446875,,0.0,,1.0,1.0,1.0,8.0,1.0,0.0,0.0,,,,,,,,4.053206040989608,1.0,1.0,1.0,1.0,1.0,1.0,1.0,1.0,1.0,1.0,1.0,1.0,1.0,1.0,1.0,1.0
4260,train,1.3098313808441162,3.705548833012069,0.599365234375,,,,1.3098313808441162,0.0,0.0,1.0,1.0,1.0,8.0,1.0,0.0,0.0,4.487169354808029e-05,0.859501302242279,0.0,0.859501302242279,17453056,0.30264920834451914,13533.82030108382,,1.0,1.0,1.0,1.0,1.0,1.0,1.0,1.0,1.0,1.0,1.0,1.0,1.0,1.0,1.0,1.0
4280,train,1.3747432231903076,3.9540612813140843,0.579833984375,,,,1.3747432231903076,0.0,0.0,1.0,1.0,1.0,8.0,1.0,0.0,0.0,4.4091743459145615e-05,0.8200682997703552,0.0,0.8200682997703552,17534976,0.31473133293911815,13014.274625120763,,1.0,1.0,1.0,1.0,1.0,1.0,1.0,1.0,1.0,1.0,1.0,1.0,1.0,1.0,1.0,1.0
4300,train,1.3049583435058594,3.687535480705404,0.59130859375,,,,1.3049583435058594,0.0,0.0,1.0,1.0,1.0,8.0,1.0,0.0,0.0,4.333167342535562e-05,0.8117176294326782,0.0,0.8117176294326782,17616896,0.3120333328843117,13126.802710909791,,1.0,1.0,1.0,1.0,1.0,1.0,1.0,1.0,1.0,1.0,1.0,1.0,1.0,1.0,1.0,1.0
4320,train,1.2920408248901367,3.6402080073420646,0.602294921875,,,,1.2920408248901367,0.0,0.0,1.0,1.0,1.0,8.0,1.0,0.0,0.0,4.2591608419434414e-05,0.8565990328788757,0.0,0.8565990328788757,17698816,0.2607007920742035,15711.49810252265,,1.0,1.0,1.0,1.0,1.0,1.0,1.0,1.0,1.0,1.0,1.0,1.0,1.0,1.0,1.0,1.0
4340,train,1.3747961521148682,3.954270571064043,0.582763671875,,,,1.3747961521148682,0.0,0.0,1.0,1.0,1.0,8.0,1.0,0.0,0.0,4.18716701248265e-05,0.8580189347267151,0.0,0.8580189347267151,17780736,0.2559636253863573,16002.27373642409,,1.0,1.0,1.0,1.0,1.0,1.0,1.0,1.0,1.0,1.0,1.0,1.0,1.0,1.0,1.0,1.0
4360,train,1.3851308822631836,3.9953487908895897,0.57080078125,,,,1.3851308822631836,0.0,0.0,1.0,1.0,1.0,8.0,1.0,0.0,0.0,4.1171976915689365e-05,0.8996000289916992,0.0,0.8996000289916992,17862656,0.28618920827284455,14312.209830410487,,1.0,1.0,1.0,1.0,1.0,1.0,1.0,1.0,1.0,1.0,1.0,1.0,1.0,1.0,1.0,1.0
4380,train,1.3732495307922363,3.9481595388279107,0.583251953125,,,,1.3732495307922363,0.0,0.0,1.0,1.0,1.0,8.0,1.0,0.0,0.0,4.049264383742998e-05,0.8591582775115967,0.0,0.8591582775115967,17944576,0.2604586249217391,15726.10621449276,,1.0,1.0,1.0,1.0,1.0,1.0,1.0,1.0,1.0,1.0,1.0,1.0,1.0,1.0,1.0,1.0
4400,train,1.3663995265960693,3.9212070471502516,0.57373046875,,,,1.3663995265960693,0.0,0.0,1.0,1.0,1.0,8.0,1.0,0.0,0.0,3.9833782587788806e-05,0.9320261478424072,0.0,0.9320261478424072,18026496,0.26446708384901285,15487.74970551137,,1.0,1.0,1.0,1.0,1.0,1.0,1.0,1.0,1.0,1.0,1.0,1.0,1.0,1.0,1.0,1.0
4420,train,1.3303158283233643,3.782237736757167,0.587890625,,,,1.3303158283233643,0.0,0.0,1.0,1.0,1.0,8.0,1.0,0.0,0.0,3.9195501498474075e-05,0.854445219039917,0.0,0.854445219039917,18108416,0.2599454168230295,15757.154136664587,,1.0,1.0,1.0,1.0,1.0,1.0,1.0,1.0,1.0,1.0,1.0,1.0,1.0,1.0,1.0,1.0
4440,train,1.3382198810577393,3.8122512010295555,0.58740234375,,,,1.3382198810577393,0.0,0.0,1.0,1.0,1.0,8.0,1.0,0.0,0.0,3.857790551734975e-05,0.8526713848114014,0.0,0.8526713848114014,18190336,0.32102166721597314,12759.263371603955,,1.0,1.0,1.0,1.0,1.0,1.0,1.0,1.0,1.0,1.0,1.0,1.0,1.0,1.0,1.0,1.0
4460,train,1.3450409173965454,3.8383435924136955,0.58447265625,,,,1.3450409173965454,0.0,0.0,1.0,1.0,1.0,8.0,1.0,0.0,0.0,3.798109619117956e-05,0.8363474011421204,0.0,0.8363474011421204,18272256,0.26733858324587345,15321.394877868697,,1.0,1.0,1.0,1.0,1.0,1.0,1.0,1.0,1.0,1.0,1.0,1.0,1.0,1.0,1.0,1.0
4480,train,1.3501615524291992,3.85804875750246,0.578857421875,,,,1.3501615524291992,0.0,0.0,1.0,1.0,1.0,8.0,1.0,0.0,0.0,3.74051716489305e-05,0.8644855618476868,0.0,0.8644855618476868,18354176,0.2604400827549398,15727.225842782876,,1.0,1.0,1.0,1.0,1.0,1.0,1.0,1.0,1.0,1.0,1.0,1.0,1.0,1.0,1.0,1.0
4499,validation,,,,1.52442134141922,4.592485319234176,0.5476220703125,,0.0,,1.0,1.0,1.0,8.0,1.0,0.0,0.0,,,,,,,,3.9753293339163065,1.0,1.0,1.0,1.0,1.0,1.0,1.0,1.0,1.0,1.0,1.0,1.0,1.0,1.0,1.0,1.0
4500,train,1.3552539348602295,3.8777455263878458,0.575927734375,,,,1.3552539348602295,0.0,0.0,1.0,1.0,1.0,8.0,1.0,0.0,0.0,3.685022658563817e-05,0.8664853572845459,0.0,0.8664853572845459,18436096,0.19279849994927645,21244.97857129397,,1.0,1.0,1.0,1.0,1.0,1.0,1.0,1.0,1.0,1.0,1.0,1.0,1.0,1.0,1.0,1.0
4520,train,1.3653937578201294,3.9172652021628243,0.572265625,,,,1.3653937578201294,0.0,0.0,1.0,1.0,1.0,8.0,1.0,0.0,0.0,3.631635224683681e-05,0.9012707471847534,0.0,0.9012707471847534,18518016,0.25769437476992607,15894.79787308892,,1.0,1.0,1.0,1.0,1.0,1.0,1.0,1.0,1.0,1.0,1.0,1.0,1.0,1.0,1.0,1.0
4540,train,1.3575146198272705,3.8865218038669025,0.576904296875,,,,1.3575146198272705,0.0,0.0,1.0,1.0,1.0,8.0,1.0,0.0,0.0,3.580363641355644e-05,0.8669469952583313,0.0,0.8669469952583313,18599936,0.2730827499181032,14999.116572644663,,1.0,1.0,1.0,1.0,1.0,1.0,1.0,1.0,1.0,1.0,1.0,1.0,1.0,1.0,1.0,1.0
4560,train,1.3565195798873901,3.8826564828381636,0.5771484375,,,,1.3565195798873901,0.0,0.0,1.0,1.0,1.0,8.0,1.0,0.0,0.0,3.531216338788963e-05,0.8212872743606567,0.0,0.8212872743606567,18681856,0.2613330828025937,15673.484413353224,,1.0,1.0,1.0,1.0,1.0,1.0,1.0,1.0,1.0,1.0,1.0,1.0,1.0,1.0,1.0,1.0
4580,train,1.3356924057006836,3.802627996393192,0.59521484375,,,,1.3356924057006836,0.0,0.0,1.0,1.0,1.0,8.0,1.0,0.0,0.0,3.4842013979130404e-05,0.868449330329895,0.0,0.868449330329895,18763776,0.2631917498074472,15562.797857442949,,1.0,1.0,1.0,1.0,1.0,1.0,1.0,1.0,1.0,1.0,1.0,1.0,1.0,1.0,1.0,1.0
4600,train,1.4007070064544678,4.058068033146616,0.56494140625,,,,1.4007070064544678,0.0,0.0,1.0,1.0,1.0,8.0,1.0,0.0,0.0,3.439326549048734e-05,0.8677634000778198,0.0,0.8677634000778198,18845696,0.2609967919997871,15693.679484011976,,1.0,1.0,1.0,1.0,1.0,1.0,1.0,1.0,1.0,1.0,1.0,1.0,1.0,1.0,1.0,1.0
4620,train,1.3533939123153687,3.870539536015344,0.583251953125,,,,1.3533939123153687,0.0,0.0,1.0,1.0,1.0,8.0,1.0,0.0,0.0,3.396599170637318e-05,0.8734920024871826,0.0,0.8734920024871826,18927616,0.2752673327922821,14880.080242179914,,1.0,1.0,1.0,1.0,1.0,1.0,1.0,1.0,1.0,1.0,1.0,1.0,1.0,1.0,1.0,1.0
4640,train,1.2922593355178833,3.641003518389521,0.6025390625,,,,1.2922593355178833,0.0,0.0,1.0,1.0,1.0,8.0,1.0,0.0,0.0,3.356026288027287e-05,0.8616441488265991,0.0,0.8616441488265991,19009536,0.266058084089309,15395.134539964123,,1.0,1.0,1.0,1.0,1.0,1.0,1.0,1.0,1.0,1.0,1.0,1.0,1.0,1.0,1.0,1.0
4660,train,1.3787777423858643,3.970046241585761,0.5654296875,,,,1.3787777423858643,0.0,0.0,1.0,1.0,1.0,8.0,1.0,0.0,0.0,3.317614572319256e-05,0.9076250195503235,0.0,0.9076250195503235,19091456,0.2691033333539963,15220.918852803103,,1.0,1.0,1.0,1.0,1.0,1.0,1.0,1.0,1.0,1.0,1.0,1.0,1.0,1.0,1.0,1.0
4680,train,1.3836660385131836,3.9895005136361297,0.5693359375,,,,1.3836660385131836,0.0,0.0,1.0,1.0,1.0,8.0,1.0,0.0,0.0,3.281370339269052e-05,0.8873490691184998,0.0,0.8873490691184998,19173376,0.257640375290066,15898.12930286448,,1.0,1.0,1.0,1.0,1.0,1.0,1.0,1.0,1.0,1.0,1.0,1.0,1.0,1.0,1.0,1.0
4700,train,1.3503985404968262,3.85896317737133,0.583251953125,,,,1.3503985404968262,0.0,0.0,1.0,1.0,1.0,8.0,1.0,0.0,0.0,3.2472995482492835e-05,0.9329379200935364,0.0,0.9329379200935364,19255296,0.27195433294400573,15061.35223388167,,1.0,1.0,1.0,1.0,1.0,1.0,1.0,1.0,1.0,1.0,1.0,1.0,1.0,1.0,1.0,1.0
4720,train,1.3979339599609375,4.046830410243428,0.5595703125,,,,1.3979339599609375,0.0,0.0,1.0,1.0,1.0,8.0,1.0,0.0,0.0,3.215407801269468e-05,0.8918355107307434,0.0,0.8918355107307434,19337216,0.31997254211455584,12801.098409667788,,1.0,1.0,1.0,1.0,1.0,1.0,1.0,1.0,1.0,1.0,1.0,1.0,1.0,1.0,1.0,1.0
4740,train,1.3552765846252441,3.8778333574074773,0.57568359375,,,,1.3552765846252441,0.0,0.0,1.0,1.0,1.0,8.0,1.0,0.0,0.0,3.1857003420549485e-05,0.9192153215408325,0.0,0.9192153215408325,19419136,0.24423104105517268,16771.004956223802,,1.0,1.0,1.0,1.0,1.0,1.0,1.0,1.0,1.0,1.0,1.0,1.0,1.0,1.0,1.0,1.0
4749,validation,,,,1.522899935245514,4.585503596081894,0.5482666015625,,0.0,,1.0,1.0,1.0,8.0,1.0,0.0,0.0,,,,,,,,5.119774166028947,1.0,1.0,1.0,1.0,1.0,1.0,1.0,1.0,1.0,1.0,1.0,1.0,1.0,1.0,1.0,1.0
4760,train,1.375335693359375,3.9564046387860787,0.56494140625,,,,1.375335693359375,0.0,0.0,1.0,1.0,1.0,8.0,1.0,0.0,0.0,3.158182055184696e-05,0.8981221318244934,0.0,0.8981221318244934,19501056,0.3008618331514299,13614.222705139206,,1.0,1.0,1.0,1.0,1.0,1.0,1.0,1.0,1.0,1.0,1.0,1.0,1.0,1.0,1.0,1.0
4780,train,1.388583779335022,4.009168163736526,0.562744140625,,,,1.388583779335022,0.0,0.0,1.0,1.0,1.0,8.0,1.0,0.0,0.0,3.1328574652881767e-05,0.8572779893875122,0.0,0.8572779893875122,19582976,0.2569874580949545,15938.521009404925,,1.0,1.0,1.0,1.0,1.0,1.0,1.0,1.0,1.0,1.0,1.0,1.0,1.0,1.0,1.0,1.0
4800,train,1.3816996812820435,3.98166343822267,0.572021484375,,,,1.3816996812820435,0.0,0.0,1.0,1.0,1.0,8.0,1.0,0.0,0.0,3.109730736301406e-05,0.8728119730949402,0.0,0.8728119730949402,19664896,0.28043958405032754,14605.641403550699,,1.0,1.0,1.0,1.0,1.0,1.0,1.0,1.0,1.0,1.0,1.0,1.0,1.0,1.0,1.0,1.0
4820,train,1.3684778213500977,3.92936494550811,0.57421875,,,,1.3684778213500977,0.0,0.0,1.0,1.0,1.0,8.0,1.0,0.0,0.0,3.088805670782293e-05,0.8674304485321045,0.0,0.8674304485321045,19746816,0.26444979198276997,15488.762419850464,,1.0,1.0,1.0,1.0,1.0,1.0,1.0,1.0,1.0,1.0,1.0,1.0,1.0,1.0,1.0,1.0
4840,train,1.3491570949554443,3.8541754572022526,0.5849609375,,,,1.3491570949554443,0.0,0.0,1.0,1.0,1.0,8.0,1.0,0.0,0.0,3.070085709285425e-05,0.894532322883606,0.0,0.894532322883606,19828736,0.2449439582414925,16722.192412526118,,1.0,1.0,1.0,1.0,1.0,1.0,1.0,1.0,1.0,1.0,1.0,1.0,1.0,1.0,1.0,1.0
4860,train,1.326505422592163,3.7678532990843334,0.585693359375,,,,1.326505422592163,0.0,0.0,1.0,1.0,1.0,8.0,1.0,0.0,0.0,3.0535739297963565e-05,0.8660653233528137,0.0,0.8660653233528137,19910656,0.27151504112407565,15085.720419180127,,1.0,1.0,1.0,1.0,1.0,1.0,1.0,1.0,1.0,1.0,1.0,1.0,1.0,1.0,1.0,1.0
4880,train,1.378450632095337,3.968747810982853,0.579833984375,,,,1.378450632095337,0.0,0.0,1.0,1.0,1.0,8.0,1.0,0.0,0.0,3.0392730472255136e-05,0.8947859406471252,0.0,0.8947859406471252,19992576,0.27496425015851855,14896.481988617179,,1.0,1.0,1.0,1.0,1.0,1.0,1.0,1.0,1.0,1.0,1.0,1.0,1.0,1.0,1.0,1.0
4900,train,1.356297254562378,3.8817933659236354,0.5712890625,,,,1.356297254562378,0.0,0.0,1.0,1.0,1.0,8.0,1.0,0.0,0.0,3.0271854129618143e-05,0.8984206914901733,0.0,0.8984206914901733,20074496,0.2786911251023412,14697.274620768292,,1.0,1.0,1.0,1.0,1.0,1.0,1.0,1.0,1.0,1.0,1.0,1.0,1.0,1.0,1.0,1.0
4920,train,1.3061115741729736,3.69179051275297,0.59619140625,,,,1.3061115741729736,0.0,0.0,1.0,1.0,1.0,8.0,1.0,0.0,0.0,3.0173130144860357e-05,0.8804967403411865,0.0,0.8804967403411865,20156416,0.2643157090060413,15496.61961221677,,1.0,1.0,1.0,1.0,1.0,1.0,1.0,1.0,1.0,1.0,1.0,1.0,1.0,1.0,1.0,1.0
4940,train,1.368257761001587,3.928500343224605,0.568359375,,,,1.368257761001587,0.0,0.0,1.0,1.0,1.0,8.0,1.0,0.0,0.0,3.00965747504403e-05,0.9090800881385803,0.0,0.9090800881385803,20238336,0.2553395419381559,16041.385399649793,,1.0,1.0,1.0,1.0,1.0,1.0,1.0,1.0,1.0,1.0,1.0,1.0,1.0,1.0,1.0,1.0
4960,train,1.400794267654419,4.058422160483236,0.56787109375,,,,1.400794267654419,0.0,0.0,1.0,1.0,1.0,8.0,1.0,0.0,0.0,3.0042200533798295e-05,0.886160135269165,0.0,0.886160135269165,20320256,0.3318907911889255,12341.409007845576,,1.0,1.0,1.0,1.0,1.0,1.0,1.0,1.0,1.0,1.0,1.0,1.0,1.0,1.0,1.0,1.0
4980,train,1.4154924154281616,4.118513986569166,0.55810546875,,,,1.4154924154281616,0.0,0.0,1.0,1.0,1.0,8.0,1.0,0.0,0.0,3.001001643528678e-05,0.9394389986991882,0.0,0.9394389986991882,20402176,0.29220516700297594,14017.548156355102,,1.0,1.0,1.0,1.0,1.0,1.0,1.0,1.0,1.0,1.0,1.0,1.0,1.0,1.0,1.0,1.0
4999,train,1.3303642272949219,3.782420797603755,0.575439453125,,,,1.3303642272949219,0.0,0.0,1.0,1.0,1.0,8.0,1.0,0.0,0.0,2.9999999999999997e-05,0.9168031215667725,0.0,0.9168031215667725,20480000,0.26997170923277736,15171.960097746061,,1.0,1.0,1.0,1.0,1.0,1.0,1.0,1.0,1.0,1.0,1.0,1.0,1.0,1.0,1.0,1.0
4999,validation,,,,1.5213987398147584,4.578625023368495,0.5487841796875,,0.0,,1.0,1.0,1.0,8.0,1.0,0.0,0.0,,,,,,,,4.007961167022586,1.0,1.0,1.0,1.0,1.0,1.0,1.0,1.0,1.0,1.0,1.0,1.0,1.0,1.0,1.0,1.0
